transaction_id,amount,transaction_type,hour,distance_from_home_km,distance_from_last_txn_km,account_age_days,num_txns_last_24h,is_foreign,is_high_risk_merchant,is_fraud
TXN100000,83.94,purchase,22,7.63,0.1,804,1,0,0,0
TXN100001,85.53,purchase,13,2.73,5.82,260,2,0,0,0
TXN100002,76.76,purchase,12,6.14,0.8,3073,0,0,0,0
TXN100003,60.41,purchase,16,0.45,4.29,3472,5,0,0,0
TXN100004,43.72,transfer,18,5.37,12.93,934,1,1,0,0
TXN100005,10.01,online,22,0.28,3.45,3407,1,0,1,0
TXN100006,142.01,withdrawal,20,23.93,2.34,1260,3,0,0,0
TXN100007,68.04,purchase,14,3.93,6.79,2491,2,0,0,0
TXN100008,47.59,online,14,1.9,10.43,3231,1,0,0,0
TXN100009,28.89,withdrawal,19,6.66,5.39,3012,2,0,0,0
TXN100010,9.74,online,18,5.02,0.28,2409,4,0,0,0
TXN100011,141.74,online,12,17.46,2.24,313,5,0,0,0
TXN100012,71.34,withdrawal,14,15.51,4.95,484,4,0,0,0
TXN100013,139.82,transfer,19,9.87,1.63,3586,3,0,0,0
TXN100014,23.71,withdrawal,16,13.1,18.74,976,3,0,0,0
TXN100015,64.87,transfer,14,39.49,3.71,1301,3,0,0,0
TXN100016,127.38,refund,13,4.74,3.86,621,1,0,0,0
TXN100017,53.14,transfer,10,17.48,14.48,2421,2,0,1,0
TXN100018,173.9,online,14,0.94,0.28,3243,2,0,0,0
TXN100019,56.68,purchase,21,2.75,0.28,1133,4,0,0,0
TXN100020,72.94,withdrawal,15,8.63,0.41,3169,2,0,0,0
TXN100021,29.44,purchase,15,42.47,8.31,1977,1,0,1,0
TXN100022,81.77,refund,13,1.63,0.25,445,1,0,0,0
TXN100023,179.07,withdrawal,12,4.54,2.31,2103,1,0,1,0
TXN100024,49.41,purchase,16,4.9,9.61,3430,1,0,0,0
TXN100025,1022.06,refund,0,31.29,162.32,135,13,1,0,1
TXN100026,72.82,withdrawal,11,3.56,5.15,771,3,0,0,0
TXN100027,64.45,withdrawal,12,3.41,0.04,1170,0,0,0,0
TXN100028,77.85,refund,18,3.85,4.26,3581,1,0,0,0
TXN100029,10.43,purchase,15,2.65,0.32,2603,1,0,0,0
TXN100030,39.24,withdrawal,15,7.01,1.86,3512,3,0,0,0
TXN100031,53.45,purchase,14,11.32,4.71,3591,0,0,0,0
TXN100032,78.81,transfer,13,20.24,6.16,119,3,0,0,0
TXN100033,350.47,online,2,64.88,76.05,263,8,1,1,1
TXN100034,142.7,purchase,11,0.03,3.31,2314,1,0,0,0
TXN100035,178.89,online,6,0.33,9.74,2979,2,0,0,0
TXN100036,144.84,purchase,5,22.4,10.57,2838,1,0,1,0
TXN100037,96.37,purchase,13,6.6,6.82,2072,2,0,0,0
TXN100038,61.96,online,7,0.95,5.51,1403,0,0,0,0
TXN100039,123.1,purchase,16,5.73,8.78,1654,3,0,1,0
TXN100040,147.11,online,13,4.46,0.44,2004,1,0,0,0
TXN100041,101.01,purchase,12,17.67,1.22,3382,1,0,0,0
TXN100042,107.17,purchase,14,26.22,0.12,3220,1,0,0,0
TXN100043,108.55,online,12,5.99,0.95,2359,3,0,0,0
TXN100044,27.38,transfer,15,0.74,16.84,93,0,1,0,0
TXN100045,106.44,transfer,9,7.97,0.42,1945,3,1,0,0
TXN100046,156.87,purchase,18,7.5,4.27,199,1,0,0,0
TXN100047,47.61,purchase,12,3.25,8.57,1295,3,0,0,0
TXN100048,61.46,online,12,2.94,1.92,1613,3,0,0,0
TXN100049,48.39,withdrawal,12,17.96,1.73,3317,1,0,0,0
TXN100050,45.44,online,15,9.09,2.79,833,2,0,0,0
TXN100051,80.82,online,12,14.45,0.07,2641,2,0,0,0
TXN100052,19.35,purchase,12,5.84,2.09,996,0,0,0,0
TXN100053,53.88,purchase,11,8.1,8.73,1902,1,0,0,0
TXN100054,152.39,withdrawal,11,3.65,0.34,2848,3,0,0,0
TXN100055,500.7,refund,23,30.33,358.45,187,12,0,0,1
TXN100056,187.29,purchase,14,8.23,1.91,3323,1,0,0,0
TXN100057,34.45,purchase,12,0.14,5.74,1034,1,0,0,0
TXN100058,6.28,withdrawal,10,6.13,3.52,2934,4,0,0,0
TXN100059,70.27,purchase,18,4.87,11.55,1050,1,0,0,0
TXN100060,169.85,withdrawal,8,4.15,10.32,372,1,0,0,0
TXN100061,72.31,withdrawal,8,37.31,0.97,837,1,0,0,0
TXN100062,47.29,purchase,15,2.75,1.21,3360,1,1,0,0
TXN100063,29.5,online,7,0.77,10.96,648,0,0,0,0
TXN100064,49.46,purchase,15,16.57,7.09,3045,3,0,0,0
TXN100065,14.31,purchase,9,1.33,1.87,2992,2,0,0,0
TXN100066,121.8,transfer,12,3.47,1.42,2112,0,1,0,0
TXN100067,96.2,purchase,19,35.12,4.77,2660,6,0,1,0
TXN100068,47.84,refund,13,6.33,8.57,2910,3,0,0,0
TXN100069,90.44,purchase,12,14.97,12.01,3229,4,0,0,0
TXN100070,24.6,purchase,14,3.19,4.17,313,3,0,0,0
TXN100071,74.18,purchase,8,1.65,5.68,2739,1,0,0,0
TXN100072,195.01,online,15,0.97,10.07,3262,3,0,1,0
TXN100073,7.13,purchase,20,31.94,4.09,2609,1,0,0,0
TXN100074,61.63,purchase,15,17.27,4.0,3171,2,0,0,0
TXN100075,47.05,purchase,13,16.56,1.51,2059,0,0,0,0
TXN100076,95.47,withdrawal,12,5.93,5.89,3387,2,0,0,0
TXN100077,66.98,online,9,16.57,0.9,2741,3,0,0,0
TXN100078,38.3,withdrawal,14,0.47,16.69,2387,1,0,0,0
TXN100079,31.95,purchase,15,29.92,4.97,554,2,0,1,0
TXN100080,134.7,purchase,16,24.67,0.95,312,1,0,1,0
TXN100081,155.1,online,11,1.64,3.27,1737,2,0,0,0
TXN100082,39.07,online,12,5.75,0.22,2115,5,1,0,0
TXN100083,44.12,refund,16,1.26,3.03,3118,2,0,0,0
TXN100084,126.29,purchase,12,35.91,3.77,1879,1,0,0,0
TXN100085,68.53,purchase,13,19.15,0.6,1739,2,0,0,0
TXN100086,45.41,withdrawal,16,7.83,5.55,1309,1,0,0,0
TXN100087,62.4,purchase,23,3.08,3.84,599,3,0,0,0
TXN100088,100.4,online,17,17.84,1.82,2959,1,0,0,0
TXN100089,525.44,purchase,2,617.61,251.1,374,12,1,0,1
TXN100090,66.31,purchase,12,1.67,1.93,667,4,0,0,0
TXN100091,28.4,purchase,7,2.29,1.56,155,1,0,0,0
TXN100092,267.18,online,16,8.84,1.99,2980,2,0,0,0
TXN100093,27.95,purchase,15,3.13,3.02,3524,5,0,0,0
TXN100094,27.42,purchase,16,12.07,0.8,640,1,0,0,0
TXN100095,47.81,purchase,19,8.83,1.39,1371,2,0,0,0
TXN100096,99.61,online,10,6.33,15.8,1882,1,0,0,0
TXN100097,90.06,transfer,11,2.56,13.92,2055,2,0,0,0
TXN100098,140.34,purchase,11,6.98,4.3,1664,2,0,0,0
TXN100099,90.58,purchase,11,22.7,10.03,212,4,0,0,0
TXN100100,99.9,withdrawal,17,14.27,0.05,2177,5,0,0,0
TXN100101,207.56,purchase,21,5.83,14.34,3481,1,0,0,0
TXN100102,23.46,online,19,4.14,7.04,2036,0,0,0,0
TXN100103,52.96,transfer,22,28.41,2.25,2271,0,0,0,0
TXN100104,23.29,online,16,1.03,2.25,1970,1,0,0,0
TXN100105,83.49,online,13,30.23,0.57,2024,1,0,0,0
TXN100106,73.14,purchase,10,5.32,3.43,1163,1,0,0,0
TXN100107,220.63,purchase,14,4.35,6.31,1886,1,0,0,0
TXN100108,89.32,transfer,18,2.69,0.08,2814,0,0,0,0
TXN100109,162.21,purchase,19,14.43,7.94,447,5,0,0,0
TXN100110,788.19,online,5,32.91,767.63,63,12,1,0,1
TXN100111,241.57,online,16,16.19,9.53,1554,2,0,0,0
TXN100112,551.67,online,1,136.55,279.97,347,5,1,1,1
TXN100113,96.03,purchase,9,5.05,6.63,1077,3,0,0,0
TXN100114,92.86,purchase,18,0.36,4.6,1986,4,0,0,0
TXN100115,55.71,online,13,9.51,1.92,1720,2,0,0,0
TXN100116,107.72,transfer,23,22.94,3.93,2114,1,0,0,0
TXN100117,110.18,online,17,6.17,5.36,1490,2,0,0,0
TXN100118,12.78,online,23,34.13,10.42,684,3,0,0,0
TXN100119,106.15,refund,19,6.18,3.22,1131,1,0,0,0
TXN100120,296.25,purchase,3,54.83,243.57,152,6,0,0,1
TXN100121,29.68,purchase,5,9.98,15.41,1345,1,0,0,0
TXN100122,84.72,refund,14,1.77,1.49,2740,2,0,0,0
TXN100123,86.28,online,12,2.32,2.61,749,2,1,0,0
TXN100124,176.81,online,10,0.65,8.39,2814,1,0,0,0
TXN100125,78.55,withdrawal,21,2.54,9.86,2607,4,0,0,0
TXN100126,150.04,online,12,11.42,12.56,1010,4,0,0,0
TXN100127,3.93,online,15,24.66,3.64,829,1,0,1,0
TXN100128,47.53,withdrawal,23,17.56,6.28,3326,1,1,0,0
TXN100129,102.74,online,14,13.0,2.87,1931,3,0,0,0
TXN100130,44.03,transfer,17,25.59,0.32,1888,1,0,1,0
TXN100131,156.2,online,20,9.67,3.56,3447,2,0,0,0
TXN100132,165.59,transfer,12,14.74,4.47,1782,2,0,0,0
TXN100133,115.79,transfer,16,12.37,3.12,154,3,0,0,0
TXN100134,86.87,purchase,15,22.2,0.27,1071,0,0,0,0
TXN100135,163.54,purchase,23,7.76,3.91,2881,1,0,0,0
TXN100136,101.64,purchase,18,24.56,4.44,2443,3,0,0,0
TXN100137,24.74,online,9,5.77,22.99,1855,1,1,0,0
TXN100138,68.94,online,10,15.11,4.32,3058,1,0,1,0
TXN100139,195.07,online,9,1.93,4.32,1153,4,0,1,0
TXN100140,62.85,purchase,16,0.33,4.27,1985,7,0,0,0
TXN100141,27.91,transfer,9,2.66,0.91,137,2,0,0,0
TXN100142,1.36,online,20,12.34,0.17,706,2,0,0,0
TXN100143,125.99,purchase,19,3.13,0.77,1228,0,0,0,0
TXN100144,60.9,transfer,22,2.04,5.93,2778,1,0,0,0
TXN100145,102.83,online,12,28.38,13.83,2336,6,0,0,0
TXN100146,70.03,purchase,10,0.56,1.33,564,2,0,0,0
TXN100147,16.67,purchase,16,2.2,6.68,635,1,0,0,0
TXN100148,56.97,online,19,7.09,4.92,595,1,0,0,0
TXN100149,88.13,purchase,13,3.21,2.32,449,0,0,0,0
TXN100150,106.13,withdrawal,9,3.39,3.52,3026,3,0,0,0
TXN100151,75.77,transfer,2,162.85,400.59,376,7,1,1,1
TXN100152,65.61,transfer,11,7.31,3.45,365,2,0,0,0
TXN100153,242.69,online,18,33.27,0.05,3217,0,0,1,0
TXN100154,81.54,purchase,17,0.04,3.36,1075,2,0,0,0
TXN100155,83.37,online,18,3.5,4.13,416,3,0,0,0
TXN100156,179.28,purchase,9,2.91,0.97,2294,4,0,0,0
TXN100157,94.42,purchase,17,8.56,3.36,2783,1,0,0,0
TXN100158,122.29,transfer,10,27.79,2.39,1111,4,0,0,0
TXN100159,68.53,online,20,1.89,2.51,1764,0,0,0,0
TXN100160,168.6,purchase,14,11.44,0.04,151,2,0,0,0
TXN100161,11.6,transfer,6,5.1,11.72,3497,2,0,0,0
TXN100162,230.18,purchase,5,1.49,7.8,3244,4,0,0,0
TXN100163,51.95,withdrawal,15,8.6,2.23,161,3,0,0,0
TXN100164,69.53,purchase,13,4.04,3.83,2712,3,0,0,0
TXN100165,71.16,purchase,13,0.42,3.63,922,2,0,0,0
TXN100166,73.47,online,14,0.99,2.36,3570,2,0,0,0
TXN100167,109.36,purchase,13,14.09,9.71,1657,2,0,0,0
TXN100168,175.81,refund,12,2.48,7.16,3285,1,0,0,0
TXN100169,71.24,online,8,8.05,4.99,1778,1,0,0,0
TXN100170,596.83,online,0,128.32,36.85,374,10,1,1,1
TXN100171,28.61,purchase,12,2.93,6.19,3062,1,0,0,0
TXN100172,157.91,purchase,12,1.65,8.93,2876,1,0,0,0
TXN100173,111.06,withdrawal,17,9.21,4.57,42,2,1,1,0
TXN100174,81.93,withdrawal,15,10.99,6.17,3397,4,0,0,0
TXN100175,64.49,withdrawal,8,13.83,2.83,1474,1,0,0,0
TXN100176,92.42,withdrawal,3,3.36,3.11,2273,3,0,1,0
TXN100177,143.75,purchase,14,8.14,2.46,1705,1,0,0,0
TXN100178,124.14,purchase,9,1.4,7.35,625,1,0,0,0
TXN100179,23.63,transfer,12,13.68,0.89,758,1,0,0,0
TXN100180,87.01,purchase,12,5.75,2.91,323,1,0,0,0
TXN100181,67.07,withdrawal,10,15.08,7.3,1331,4,1,0,0
TXN100182,159.14,withdrawal,15,1.47,5.72,590,1,0,0,0
TXN100183,630.07,transfer,2,269.37,502.84,369,5,0,0,1
TXN100184,157.15,online,9,5.6,8.01,2730,0,0,0,0
TXN100185,73.79,transfer,10,6.37,0.23,228,1,0,0,0
TXN100186,74.29,purchase,14,8.05,0.12,498,2,0,0,0
TXN100187,92.36,purchase,19,1.9,6.62,2756,3,0,0,0
TXN100188,58.9,online,19,1.82,13.56,2664,0,0,0,0
TXN100189,40.87,purchase,20,2.19,1.29,1011,3,0,0,0
TXN100190,21.69,purchase,16,1.49,1.11,819,2,0,0,0
TXN100191,29.74,transfer,17,5.32,9.54,2791,0,0,0,0
TXN100192,118.71,withdrawal,10,5.57,3.1,2271,2,0,0,0
TXN100193,147.95,online,20,8.61,3.26,3456,2,0,0,0
TXN100194,145.12,online,10,17.11,0.96,428,2,0,0,0
TXN100195,114.96,online,10,2.98,3.61,1724,1,0,0,0
TXN100196,22.25,purchase,15,0.26,6.94,1675,4,0,0,0
TXN100197,194.94,withdrawal,11,4.11,12.26,742,3,0,0,0
TXN100198,262.33,refund,18,0.32,2.9,457,3,0,0,0
TXN100199,71.82,purchase,9,1.79,1.36,1143,2,0,0,0
TXN100200,42.74,purchase,16,12.82,1.46,3443,1,0,0,0
TXN100201,96.27,purchase,14,1.54,0.42,2975,1,0,0,0
TXN100202,36.48,purchase,13,0.26,0.05,412,2,0,0,0
TXN100203,83.86,withdrawal,21,18.61,4.94,1023,3,0,1,0
TXN100204,25.39,purchase,12,14.51,2.31,2155,4,0,0,0
TXN100205,38.06,purchase,16,20.83,5.41,3612,2,1,0,0
TXN100206,114.19,purchase,12,0.42,4.94,1467,0,0,0,0
TXN100207,149.54,online,15,2.31,1.31,1109,4,0,0,0
TXN100208,61.54,withdrawal,13,1.21,1.64,994,3,0,0,0
TXN100209,76.67,purchase,10,0.7,15.27,1033,2,0,0,0
TXN100210,57.58,online,14,11.44,0.89,283,1,1,0,0
TXN100211,9.16,purchase,14,5.52,2.22,2023,2,0,0,0
TXN100212,95.14,online,14,0.94,7.93,2964,1,0,0,0
TXN100213,99.3,online,14,7.39,1.63,1155,2,0,0,0
TXN100214,43.48,withdrawal,13,8.26,1.27,321,1,0,0,0
TXN100215,33.26,purchase,18,4.65,5.12,1521,2,0,0,0
TXN100216,42.15,withdrawal,18,6.33,4.86,2155,3,0,0,0
TXN100217,85.37,online,15,10.99,4.07,3490,3,0,0,0
TXN100218,62.0,withdrawal,7,1.97,7.54,1503,2,0,0,0
TXN100219,44.04,transfer,11,4.62,2.72,998,7,0,1,0
TXN100220,13.11,purchase,16,16.35,1.65,1937,0,0,0,0
TXN100221,59.94,online,15,2.04,7.16,3343,2,0,0,0
TXN100222,105.02,online,8,51.03,2.63,1712,1,0,1,0
TXN100223,1042.68,withdrawal,5,223.19,395.66,75,7,1,1,1
TXN100224,40.87,withdrawal,14,1.32,6.72,3476,0,0,1,0
TXN100225,48.84,transfer,11,14.43,2.37,1936,1,0,0,0
TXN100226,77.68,purchase,16,19.1,0.59,2820,3,0,0,0
TXN100227,109.22,online,12,0.35,0.55,2642,3,1,0,0
TXN100228,69.42,purchase,17,2.96,1.9,95,1,0,0,0
TXN100229,91.13,online,13,8.58,12.01,3349,0,0,0,0
TXN100230,78.42,withdrawal,10,12.03,6.56,2049,4,0,0,0
TXN100231,230.9,purchase,13,11.59,4.64,3244,4,0,1,0
TXN100232,219.31,purchase,16,1.95,0.1,977,3,0,0,0
TXN100233,20.0,transfer,16,1.83,11.04,1760,5,0,1,0
TXN100234,73.53,purchase,17,7.25,6.63,2717,5,1,0,0
TXN100235,13.94,transfer,13,11.56,6.76,2203,0,0,0,0
TXN100236,41.95,withdrawal,8,19.94,6.27,2525,3,0,0,0
TXN100237,69.93,online,15,1.21,0.88,626,2,0,0,0
TXN100238,63.14,purchase,12,5.03,4.0,1172,1,0,0,0
TXN100239,242.51,online,16,5.54,3.94,913,3,0,0,0
TXN100240,92.86,online,23,11.33,1.29,3564,1,0,0,0
TXN100241,43.17,purchase,20,9.31,2.83,2679,0,0,0,0
TXN100242,152.11,withdrawal,19,0.18,0.67,2104,1,0,1,0
TXN100243,70.78,purchase,6,2.31,25.17,2651,2,0,0,0
TXN100244,8.15,online,12,0.05,8.6,238,1,0,0,0
TXN100245,15.76,purchase,15,2.14,0.86,112,4,0,0,0
TXN100246,77.4,purchase,8,13.69,11.84,1052,7,0,1,0
TXN100247,167.45,withdrawal,11,5.71,4.17,1390,2,0,0,0
TXN100248,78.96,purchase,16,13.19,0.28,974,1,0,0,0
TXN100249,188.1,withdrawal,13,11.02,1.07,843,2,0,0,0
TXN100250,117.22,transfer,11,3.55,8.25,3647,0,1,0,0
TXN100251,135.93,online,11,8.09,5.78,1801,2,0,0,0
TXN100252,94.31,withdrawal,5,16.13,13.58,1801,2,0,0,0
TXN100253,109.53,withdrawal,16,1.31,0.32,2922,1,1,0,0
TXN100254,106.14,purchase,17,8.25,14.21,680,1,0,0,0
TXN100255,186.91,purchase,3,834.42,158.34,270,6,1,0,1
TXN100256,335.98,online,15,28.25,10.36,3068,2,0,0,0
TXN100257,106.44,withdrawal,17,9.9,7.54,2019,2,0,0,0
TXN100258,179.05,online,11,3.39,4.52,3439,1,0,0,0
TXN100259,124.32,transfer,19,10.99,1.34,2419,3,0,1,0
TXN100260,55.99,online,15,0.52,12.83,2040,2,0,0,0
TXN100261,181.4,purchase,17,5.46,0.04,1214,4,0,0,0
TXN100262,46.94,online,10,9.0,2.28,1197,3,0,0,0
TXN100263,51.09,online,11,6.53,1.23,3417,2,0,0,0
TXN100264,72.79,purchase,15,2.06,1.04,1931,2,0,0,0
TXN100265,44.92,withdrawal,18,3.87,4.01,911,2,0,0,0
TXN100266,134.43,withdrawal,15,10.19,7.09,2984,0,0,0,0
TXN100267,29.02,purchase,11,10.31,2.83,3075,2,0,0,0
TXN100268,13.39,purchase,15,30.4,5.45,2477,0,0,0,0
TXN100269,63.24,purchase,6,0.42,0.55,558,2,0,1,0
TXN100270,82.38,purchase,11,2.19,5.1,1572,3,0,0,0
TXN100271,75.37,withdrawal,15,14.57,7.19,1258,5,0,0,0
TXN100272,139.16,purchase,16,1.95,9.18,2543,7,0,1,0
TXN100273,18.41,online,11,11.55,7.23,1659,1,0,0,0
TXN100274,44.16,online,16,18.32,4.15,2167,4,0,0,0
TXN100275,108.93,transfer,14,28.27,5.23,60,5,0,0,0
TXN100276,965.09,transfer,22,52.98,371.96,324,5,1,1,1
TXN100277,134.25,online,11,5.88,15.56,1892,4,0,0,0
TXN100278,202.64,purchase,11,10.83,1.12,3337,3,1,0,0
TXN100279,31.21,transfer,11,1.4,1.49,852,1,0,0,0
TXN100280,22.09,online,12,0.26,9.9,534,2,0,1,0
TXN100281,126.63,online,18,0.07,4.66,1479,2,0,0,0
TXN100282,195.08,online,11,5.23,5.12,1245,0,0,0,0
TXN100283,204.99,purchase,12,5.39,10.59,2164,2,0,0,0
TXN100284,52.72,transfer,14,4.44,1.3,1617,2,0,0,0
TXN100285,210.32,transfer,18,2.24,13.1,2956,2,0,0,0
TXN100286,95.45,purchase,10,7.81,9.56,220,3,0,0,0
TXN100287,1173.17,purchase,3,825.99,367.92,382,10,1,0,1
TXN100288,147.8,purchase,11,15.86,14.61,1999,3,1,0,0
TXN100289,187.36,withdrawal,12,47.56,3.0,1330,4,0,0,0
TXN100290,317.47,purchase,17,2.46,1.24,1060,0,0,0,0
TXN100291,89.84,transfer,15,6.4,4.45,179,0,0,0,0
TXN100292,44.76,transfer,15,1.54,0.4,398,4,0,0,0
TXN100293,62.39,purchase,21,0.17,2.78,1478,2,0,0,0
TXN100294,63.27,refund,12,10.73,6.15,2694,4,0,0,0
TXN100295,156.33,online,11,0.03,7.64,1874,1,0,0,0
TXN100296,20.8,purchase,15,8.65,7.68,267,1,0,0,0
TXN100297,119.1,purchase,12,7.62,0.94,3415,2,0,0,0
TXN100298,111.39,withdrawal,15,22.75,0.23,628,3,0,0,0
TXN100299,48.55,transfer,12,6.95,0.49,1755,1,0,0,0
TXN100300,86.26,transfer,16,15.39,9.58,1702,2,0,0,0
TXN100301,67.47,transfer,13,5.51,0.32,875,3,0,0,0
TXN100302,127.71,purchase,13,5.65,2.79,3006,3,0,0,0
TXN100303,90.69,online,15,2.83,2.71,762,2,0,0,0
TXN100304,29.75,purchase,21,13.07,22.57,3311,1,1,0,0
TXN100305,271.9,online,17,14.83,4.87,774,0,0,0,0
TXN100306,21.5,online,14,8.81,2.17,3519,6,0,0,0
TXN100307,30.48,online,12,0.24,0.73,216,3,0,0,0
TXN100308,100.28,purchase,16,7.54,6.52,1231,0,0,0,0
TXN100309,100.33,withdrawal,18,6.08,4.69,2576,2,0,0,0
TXN100310,134.24,purchase,11,2.82,6.83,3451,2,0,0,0
TXN100311,57.35,purchase,15,5.7,6.36,594,3,0,0,0
TXN100312,59.01,online,10,21.02,2.81,2685,2,0,0,0
TXN100313,69.1,online,10,3.87,11.68,2164,1,0,1,0
TXN100314,117.3,online,7,0.29,7.82,491,2,0,1,0
TXN100315,35.84,withdrawal,15,1.82,5.3,2189,2,0,0,0
TXN100316,23.26,purchase,10,1.53,2.06,1385,2,0,1,0
TXN100317,985.81,withdrawal,4,143.79,53.72,134,9,1,1,1
TXN100318,15.94,purchase,11,1.18,10.12,1746,3,0,0,0
TXN100319,34.29,withdrawal,12,17.59,2.96,3552,2,0,0,0
TXN100320,30.8,purchase,10,1.95,6.83,3628,4,0,0,0
TXN100321,88.77,transfer,18,15.81,3.69,1455,2,0,0,0
TXN100322,86.02,online,10,1.06,2.15,3427,1,0,0,0
TXN100323,96.45,purchase,15,7.47,4.59,3528,3,0,0,0
TXN100324,32.18,purchase,12,5.06,8.15,2992,1,1,0,0
TXN100325,169.14,withdrawal,15,4.25,0.47,600,3,0,0,0
TXN100326,82.21,online,11,0.03,0.7,2363,1,0,0,0
TXN100327,44.67,online,17,68.35,11.43,2671,5,0,0,0
TXN100328,107.65,transfer,19,8.14,4.01,271,4,0,0,0
TXN100329,48.89,purchase,15,0.22,1.95,2874,0,0,0,0
TXN100330,2.72,purchase,14,6.52,1.72,3047,0,0,0,0
TXN100331,21.77,refund,10,12.47,2.05,3461,1,0,0,0
TXN100332,103.29,purchase,18,1.07,0.57,576,6,0,1,0
TXN100333,58.49,withdrawal,16,21.68,0.38,719,1,0,0,0
TXN100334,101.22,purchase,11,6.08,7.13,879,3,0,0,0
TXN100335,647.39,online,22,58.72,217.62,89,8,1,1,1
TXN100336,242.83,online,13,3.17,7.15,2734,2,0,0,0
TXN100337,91.37,withdrawal,14,16.0,8.11,1425,1,0,0,0
TXN100338,158.51,withdrawal,16,4.77,6.43,2644,2,0,0,0
TXN100339,33.03,purchase,13,14.04,1.94,3094,3,0,0,0
TXN100340,25.3,online,22,8.54,4.11,2042,0,0,0,0
TXN100341,49.1,online,12,25.53,2.39,730,0,0,0,0
TXN100342,145.12,purchase,14,11.2,11.25,1351,2,0,0,0
TXN100343,108.71,online,7,9.65,7.26,1278,4,0,0,0
TXN100344,51.67,refund,7,5.09,3.64,424,2,0,0,0
TXN100345,42.91,purchase,5,0.18,15.92,1898,2,0,0,0
TXN100346,36.66,purchase,11,13.23,9.16,2782,1,0,0,0
TXN100347,208.64,purchase,12,3.8,2.89,1927,1,0,0,0
TXN100348,93.89,purchase,13,12.45,4.54,3065,1,0,0,0
TXN100349,84.07,purchase,13,3.41,0.4,3258,6,0,0,0
TXN100350,102.43,transfer,8,13.44,2.34,1748,0,0,0,0
TXN100351,73.05,online,9,7.06,11.31,2427,4,0,1,0
TXN100352,117.54,purchase,7,4.37,19.48,1696,3,0,1,0
TXN100353,40.16,refund,15,4.3,1.7,2980,3,0,0,0
TXN100354,74.43,purchase,12,0.86,5.05,861,3,0,0,0
TXN100355,98.69,online,10,3.07,3.73,1897,1,0,0,0
TXN100356,177.96,refund,15,2.49,2.38,2469,2,0,0,0
TXN100357,16.7,refund,11,6.81,4.48,1137,1,0,0,0
TXN100358,431.14,transfer,23,236.04,322.71,380,6,1,0,1
TXN100359,109.02,purchase,14,11.56,0.49,387,4,0,0,0
TXN100360,319.63,online,1,77.42,79.46,121,9,1,1,1
TXN100361,86.31,withdrawal,14,15.6,6.03,1817,3,0,0,0
TXN100362,53.87,online,18,21.36,9.72,2947,3,0,0,0
TXN100363,185.44,online,12,14.23,2.23,2371,3,0,0,0
TXN100364,333.06,online,10,12.14,3.29,2134,2,0,0,0
TXN100365,29.14,withdrawal,14,15.07,22.34,2422,1,0,0,0
TXN100366,184.52,purchase,12,33.21,0.79,3364,0,0,0,0
TXN100367,33.33,withdrawal,17,0.5,7.97,3189,4,0,0,0
TXN100368,236.6,withdrawal,4,6.1,13.35,2807,3,0,0,0
TXN100369,85.19,online,16,1.01,2.83,1011,2,0,0,0
TXN100370,107.46,purchase,9,4.38,3.19,418,3,0,1,0
TXN100371,25.83,withdrawal,6,1.04,0.82,1439,3,0,0,0
TXN100372,45.0,purchase,9,5.3,0.4,1540,1,0,0,0
TXN100373,219.53,purchase,17,3.69,11.34,3109,1,0,0,0
TXN100374,64.37,purchase,11,3.92,1.49,789,3,0,0,0
TXN100375,28.4,transfer,13,7.38,1.92,385,4,0,0,0
TXN100376,58.24,purchase,18,8.01,5.42,3320,2,0,0,0
TXN100377,255.44,transfer,13,16.73,7.17,3349,6,0,0,0
TXN100378,41.16,purchase,12,0.32,7.29,3326,1,0,0,0
TXN100379,188.02,withdrawal,14,5.49,4.01,2798,3,0,0,0
TXN100380,186.67,purchase,11,0.79,6.53,1759,1,0,0,0
TXN100381,56.48,withdrawal,13,0.7,16.97,1532,3,0,0,0
TXN100382,140.72,transfer,22,8.49,3.56,3397,0,0,0,0
TXN100383,55.72,transfer,13,1.03,0.86,2015,1,0,0,0
TXN100384,13.96,purchase,6,0.51,9.68,1447,4,1,0,0
TXN100385,121.86,online,19,0.27,8.88,2315,4,0,0,0
TXN100386,40.77,online,11,1.6,3.36,2433,3,0,0,0
TXN100387,15.91,withdrawal,10,2.14,6.82,152,1,0,0,0
TXN100388,187.14,transfer,13,14.24,5.73,1842,3,1,0,0
TXN100389,320.6,purchase,11,7.05,5.02,2874,2,0,0,0
TXN100390,106.47,purchase,23,4.33,2.22,3344,2,0,0,0
TXN100391,55.26,withdrawal,20,42.0,2.15,258,2,0,0,0
TXN100392,24.09,transfer,10,7.26,0.16,2732,3,0,0,0
TXN100393,98.45,online,16,4.47,6.36,1540,3,0,0,0
TXN100394,47.35,withdrawal,14,1.8,8.39,3248,1,0,0,0
TXN100395,93.52,purchase,7,0.84,1.28,748,1,0,0,0
TXN100396,113.42,transfer,15,16.9,3.01,2566,0,0,0,0
TXN100397,41.98,transfer,14,35.43,9.83,1684,3,0,0,0
TXN100398,25.24,withdrawal,15,2.33,3.73,1744,3,0,0,0
TXN100399,231.68,transfer,4,416.21,11.97,207,12,0,0,1
TXN100400,63.78,withdrawal,12,5.0,0.13,3212,3,0,0,0
TXN100401,282.88,transfer,5,699.78,21.83,149,13,1,0,1
TXN100402,72.0,refund,16,7.92,5.44,3458,1,0,0,0
TXN100403,137.64,withdrawal,15,5.01,2.46,2033,4,0,0,0
TXN100404,93.47,purchase,9,0.58,3.09,3393,1,0,0,0
TXN100405,47.05,withdrawal,12,0.43,2.19,2186,1,0,1,0
TXN100406,34.48,withdrawal,12,4.44,1.44,1110,2,0,0,0
TXN100407,61.51,refund,10,14.88,1.83,3064,3,0,0,0
TXN100408,45.97,transfer,15,28.62,0.99,3449,3,0,1,0
TXN100409,160.39,withdrawal,21,0.34,4.75,2100,3,0,0,0
TXN100410,64.25,purchase,15,33.83,1.96,2126,2,0,0,0
TXN100411,46.23,purchase,14,1.21,0.87,139,4,0,1,0
TXN100412,68.42,purchase,10,13.12,3.73,1488,1,0,0,0
TXN100413,68.54,purchase,17,23.13,0.37,3182,1,0,0,0
TXN100414,114.81,online,13,8.27,14.28,1500,1,0,0,0
TXN100415,87.7,online,10,16.65,10.99,2313,1,0,0,0
TXN100416,9.62,withdrawal,16,9.76,0.48,1557,0,1,0,0
TXN100417,106.67,online,23,17.89,5.15,1531,2,0,0,0
TXN100418,16.89,online,16,3.83,3.52,1876,1,0,1,0
TXN100419,81.83,online,16,0.8,1.54,2211,1,0,0,0
TXN100420,282.52,withdrawal,16,3.59,6.93,257,1,0,0,0
TXN100421,54.08,withdrawal,19,5.6,0.41,3481,1,0,0,0
TXN100422,158.5,online,9,1.49,13.85,2943,5,0,1,0
TXN100423,90.73,online,13,0.32,9.24,3176,3,0,0,0
TXN100424,20.32,withdrawal,11,1.28,5.75,38,1,0,0,0
TXN100425,39.25,purchase,13,13.73,9.5,869,2,0,0,0
TXN100426,60.04,purchase,16,6.57,2.37,2682,1,0,0,0
TXN100427,232.08,withdrawal,18,25.15,1.99,622,2,0,0,0
TXN100428,194.03,withdrawal,23,0.53,17.17,509,3,0,0,0
TXN100429,43.73,purchase,14,2.98,4.08,722,5,0,0,0
TXN100430,102.19,online,8,10.97,1.85,1519,3,0,0,0
TXN100431,38.28,purchase,18,0.2,7.08,2882,1,0,0,0
TXN100432,177.52,purchase,22,596.75,60.6,12,6,0,0,1
TXN100433,15.14,online,12,5.94,8.77,3158,0,0,0,0
TXN100434,74.96,refund,12,7.19,0.36,1791,2,1,0,0
TXN100435,86.25,online,12,5.42,0.48,205,0,0,0,0
TXN100436,42.12,purchase,15,0.26,3.62,2800,1,0,0,0
TXN100437,34.72,purchase,12,11.93,2.48,933,0,0,0,0
TXN100438,31.71,withdrawal,11,0.97,0.8,2733,0,0,0,0
TXN100439,56.3,purchase,11,4.16,0.99,56,4,0,0,0
TXN100440,50.79,purchase,10,5.73,1.62,3114,2,0,0,0
TXN100441,29.04,online,21,3.24,0.75,3202,3,0,0,0
TXN100442,88.8,withdrawal,16,5.06,3.19,1195,4,0,0,0
TXN100443,96.12,purchase,15,23.21,12.34,2437,4,0,0,0
TXN100444,62.71,withdrawal,15,1.65,4.11,3497,6,0,0,0
TXN100445,30.23,purchase,18,1.68,10.03,1374,3,0,0,0
TXN100446,55.97,purchase,5,1.73,1.66,3385,2,0,0,0
TXN100447,178.6,online,0,78.16,2.55,345,7,0,1,1
TXN100448,154.7,online,21,4.57,3.67,1358,1,0,0,0
TXN100449,47.33,transfer,10,6.64,4.21,1184,4,0,0,0
TXN100450,176.02,withdrawal,5,687.06,349.15,378,9,0,0,1
TXN100451,58.49,purchase,10,21.39,12.39,994,5,0,0,0
TXN100452,690.61,purchase,2,44.03,125.03,333,10,1,1,1
TXN100453,99.99,withdrawal,16,0.5,1.48,287,3,0,0,0
TXN100454,15.88,purchase,15,2.93,7.72,1937,2,0,0,0
TXN100455,132.88,purchase,12,2.35,2.94,3365,2,0,0,0
TXN100456,100.19,purchase,17,0.96,3.89,1297,5,0,0,0
TXN100457,36.8,purchase,4,0.35,1.31,832,1,0,0,0
TXN100458,152.08,withdrawal,14,0.17,4.24,2267,3,0,0,0
TXN100459,92.54,online,20,15.02,11.59,2169,5,0,0,0
TXN100460,125.21,withdrawal,15,5.84,6.34,2445,3,0,0,0
TXN100461,174.16,purchase,14,6.23,10.98,3393,2,0,0,0
TXN100462,43.42,online,6,12.25,3.99,1096,3,0,0,0
TXN100463,86.25,purchase,10,3.31,2.42,3557,2,1,0,0
TXN100464,66.3,withdrawal,16,1.49,11.03,1545,3,0,0,0
TXN100465,40.94,purchase,17,32.39,1.73,1465,2,0,0,0
TXN100466,89.42,withdrawal,21,6.18,7.06,2054,1,0,0,0
TXN100467,37.49,transfer,11,1.92,1.77,2975,2,1,0,0
TXN100468,19.0,purchase,10,9.72,3.38,506,6,1,0,0
TXN100469,120.41,purchase,7,8.49,2.27,3011,1,0,0,0
TXN100470,77.57,transfer,10,2.9,9.27,875,0,0,1,0
TXN100471,105.86,online,13,22.99,2.0,1582,0,0,0,0
TXN100472,40.67,purchase,16,10.76,0.99,1466,0,0,0,0
TXN100473,7.6,purchase,17,11.91,2.76,1050,2,0,0,0
TXN100474,7.31,purchase,20,5.52,2.26,157,2,0,0,0
TXN100475,30.84,withdrawal,14,15.86,2.62,2729,2,0,0,0
TXN100476,5.72,online,8,10.08,2.7,136,0,0,0,0
TXN100477,532.48,transfer,23,4.74,1132.64,206,10,1,1,1
TXN100478,60.55,online,14,5.78,6.81,1573,3,0,0,0
TXN100479,67.46,refund,10,0.11,18.17,1015,2,0,0,0
TXN100480,163.58,online,15,3.98,8.45,1708,2,0,0,0
TXN100481,23.01,online,12,22.54,5.69,1746,3,0,0,0
TXN100482,106.01,purchase,10,4.97,0.34,1090,4,0,0,0
TXN100483,48.5,purchase,13,5.36,5.87,1301,1,0,0,0
TXN100484,43.4,online,14,4.62,2.67,1312,3,0,0,0
TXN100485,11.82,online,15,17.71,1.88,2065,3,0,1,0
TXN100486,54.89,online,10,7.5,2.19,3230,0,0,0,0
TXN100487,44.95,transfer,9,5.02,12.14,1691,2,0,0,0
TXN100488,10.42,withdrawal,22,1.62,3.41,68,0,0,0,0
TXN100489,1422.74,online,1,105.21,346.86,397,10,1,1,1
TXN100490,44.86,withdrawal,17,17.57,0.65,3436,1,0,0,0
TXN100491,98.45,purchase,18,17.05,2.74,3292,7,0,0,0
TXN100492,250.22,online,1,610.58,415.95,160,10,0,1,1
TXN100493,256.8,online,2,1052.25,266.88,43,4,1,0,1
TXN100494,183.54,transfer,6,0.96,6.54,653,2,0,1,0
TXN100495,15.27,purchase,14,4.26,6.93,2525,2,0,0,0
TXN100496,41.24,purchase,2,4.9,25.63,760,1,0,0,0
TXN100497,46.14,purchase,5,9.42,3.81,697,0,0,0,0
TXN100498,31.39,purchase,19,6.2,3.4,2029,1,0,0,0
TXN100499,68.06,withdrawal,15,0.26,4.81,2387,2,0,0,0
TXN100500,1.16,purchase,22,10.59,1.4,2018,4,0,0,0
TXN100501,22.13,purchase,6,0.16,1.19,1319,1,0,0,0
TXN100502,137.86,online,18,15.29,2.05,2290,3,0,0,0
TXN100503,80.02,online,17,32.67,1.52,2571,2,0,0,0
TXN100504,37.16,purchase,21,6.58,2.15,1395,3,0,0,0
TXN100505,21.06,withdrawal,10,17.25,2.3,986,2,0,0,0
TXN100506,148.88,withdrawal,9,1.6,2.39,279,2,0,1,0
TXN100507,102.66,withdrawal,16,8.5,0.81,3338,1,0,0,0
TXN100508,65.54,withdrawal,11,1.69,9.8,442,0,0,0,0
TXN100509,180.54,transfer,13,12.51,5.13,1082,3,0,0,0
TXN100510,34.36,purchase,9,1.33,5.56,1760,1,0,0,0
TXN100511,135.98,online,14,30.24,11.12,1785,1,0,0,0
TXN100512,62.88,online,11,1.94,0.19,2985,0,1,0,0
TXN100513,27.18,purchase,11,2.74,5.18,3462,1,0,0,0
TXN100514,107.29,purchase,8,1.8,2.76,2609,3,0,0,0
TXN100515,36.52,transfer,15,0.78,13.06,2430,4,1,0,0
TXN100516,248.37,transfer,11,12.8,3.3,2979,2,0,0,0
TXN100517,82.99,online,10,7.72,4.94,2143,2,0,0,0
TXN100518,23.07,online,17,0.68,12.4,2360,2,0,1,0
TXN100519,26.64,purchase,21,0.97,6.85,676,2,0,0,0
TXN100520,62.88,transfer,15,25.51,1.45,1743,2,0,0,0
TXN100521,28.66,purchase,18,11.7,5.29,1759,1,1,0,0
TXN100522,45.15,purchase,16,3.51,5.57,348,2,1,0,0
TXN100523,114.96,transfer,20,1.48,3.37,2420,7,0,0,0
TXN100524,42.11,purchase,17,19.14,0.25,2913,3,0,0,0
TXN100525,68.45,online,14,2.99,4.89,3195,2,0,0,0
TXN100526,183.33,purchase,4,86.61,182.82,241,8,1,1,1
TXN100527,49.72,withdrawal,12,6.03,0.8,2160,3,0,0,0
TXN100528,222.94,transfer,13,10.29,0.35,1786,2,0,0,0
TXN100529,175.88,purchase,18,0.19,1.82,1166,3,0,0,0
TXN100530,137.95,purchase,19,21.39,7.96,3433,3,0,1,0
TXN100531,54.62,purchase,10,0.65,3.75,3359,2,0,0,0
TXN100532,47.02,purchase,12,9.29,11.02,2166,5,0,0,0
TXN100533,526.29,purchase,4,94.39,96.8,39,9,1,0,1
TXN100534,66.52,purchase,2,25.55,8.11,3632,1,0,0,0
TXN100535,123.74,online,20,39.39,2.98,3587,4,0,0,0
TXN100536,29.59,transfer,17,4.61,1.39,3645,4,0,0,0
TXN100537,39.92,purchase,16,2.52,0.01,1306,2,0,0,0
TXN100538,67.95,purchase,15,11.37,8.37,3496,1,0,0,0
TXN100539,105.93,purchase,13,1.26,6.09,1587,2,0,0,0
TXN100540,143.26,purchase,15,8.87,0.29,2969,2,1,0,0
TXN100541,69.39,purchase,19,12.09,7.45,1694,0,0,0,0
TXN100542,14.09,transfer,8,20.88,2.7,2263,4,0,0,0
TXN100543,61.77,withdrawal,20,0.29,2.32,95,1,0,1,0
TXN100544,73.41,purchase,22,1.04,0.88,2776,1,0,0,0
TXN100545,108.01,purchase,20,1.21,6.81,1087,2,0,1,0
TXN100546,199.81,withdrawal,10,5.68,7.85,2577,2,0,0,0
TXN100547,58.03,purchase,10,40.92,0.43,2607,1,0,0,0
TXN100548,34.67,purchase,12,7.79,1.73,2895,1,0,1,0
TXN100549,79.14,purchase,12,2.21,18.77,1954,0,0,0,0
TXN100550,123.95,online,11,8.57,3.94,559,4,0,0,0
TXN100551,63.53,transfer,13,15.77,3.13,927,5,0,0,0
TXN100552,37.53,transfer,14,6.67,2.73,1672,1,0,0,0
TXN100553,45.1,withdrawal,17,3.96,4.12,755,1,0,0,0
TXN100554,95.35,transfer,16,2.57,0.92,3199,2,0,0,0
TXN100555,128.1,withdrawal,17,0.18,10.37,3539,0,0,0,0
TXN100556,197.64,withdrawal,19,6.87,4.34,1334,1,0,0,0
TXN100557,107.36,purchase,13,6.29,4.43,379,0,0,0,0
TXN100558,52.83,purchase,19,1.49,1.18,2606,5,0,0,0
TXN100559,227.81,withdrawal,16,11.91,5.58,414,1,0,0,0
TXN100560,423.19,online,22,144.26,237.75,248,13,0,1,1
TXN100561,45.39,online,12,0.84,23.23,1521,3,0,0,0
TXN100562,130.29,purchase,16,10.53,4.47,3234,2,0,0,0
TXN100563,31.93,transfer,17,0.93,5.0,1455,2,0,0,0
TXN100564,223.03,purchase,16,2.78,10.42,3560,1,0,0,0
TXN100565,147.35,transfer,10,4.91,5.28,433,6,0,0,0
TXN100566,97.81,purchase,15,11.76,1.25,3031,2,0,0,0
TXN100567,103.61,withdrawal,12,6.54,2.12,2543,3,0,0,0
TXN100568,97.07,purchase,13,14.15,4.86,953,2,0,0,0
TXN100569,48.42,purchase,12,11.35,10.15,2746,1,0,0,0
TXN100570,118.17,withdrawal,11,12.87,4.38,1861,4,0,0,0
TXN100571,111.14,purchase,7,6.0,8.56,330,5,0,0,0
TXN100572,539.08,refund,1,61.28,250.6,209,8,1,0,1
TXN100573,37.07,withdrawal,19,8.48,5.55,2324,4,0,0,0
TXN100574,128.87,purchase,19,3.99,2.43,101,3,0,0,0
TXN100575,64.81,online,10,3.15,1.42,966,3,0,0,0
TXN100576,30.98,online,13,5.03,2.11,601,1,0,0,0
TXN100577,65.7,transfer,11,3.59,0.43,307,6,0,0,0
TXN100578,174.79,online,11,1.62,5.02,3332,1,0,0,0
TXN100579,49.24,purchase,5,8.28,0.4,653,3,0,0,0
TXN100580,43.36,purchase,12,1.81,7.39,3360,4,0,0,0
TXN100581,50.91,online,9,8.48,11.07,1641,2,0,0,0
TXN100582,171.55,online,14,4.98,2.35,1670,2,0,0,0
TXN100583,411.56,transfer,2,102.88,224.96,192,10,1,1,1
TXN100584,243.99,transfer,12,0.15,4.01,1023,2,0,0,0
TXN100585,48.18,purchase,11,15.65,2.04,3143,1,0,0,0
TXN100586,123.74,purchase,17,11.19,6.31,1464,0,0,0,0
TXN100587,72.39,transfer,10,5.13,3.7,1692,1,0,0,0
TXN100588,81.29,online,14,1.11,6.97,959,0,0,1,0
TXN100589,13.48,online,10,6.28,6.4,2769,0,0,1,0
TXN100590,124.74,transfer,21,16.71,2.92,107,2,0,0,0
TXN100591,402.61,online,1,180.96,448.52,122,7,1,1,1
TXN100592,32.24,purchase,11,10.32,3.11,510,3,0,0,0
TXN100593,95.71,purchase,13,0.82,4.13,3073,0,0,0,0
TXN100594,106.65,transfer,20,0.67,0.56,49,3,0,0,0
TXN100595,70.61,purchase,12,4.7,2.32,2981,2,0,0,0
TXN100596,38.96,transfer,15,3.3,2.69,803,2,0,0,0
TXN100597,119.64,purchase,8,17.54,7.62,2208,3,0,0,0
TXN100598,30.54,purchase,22,0.75,1.75,399,1,0,0,0
TXN100599,47.44,transfer,13,3.48,17.07,2946,3,0,1,0
TXN100600,215.54,withdrawal,11,2.17,2.3,66,2,0,0,0
TXN100601,214.95,withdrawal,12,6.99,5.31,2099,2,0,0,0
TXN100602,33.98,transfer,19,1.6,9.64,1741,1,0,0,0
TXN100603,48.26,transfer,18,2.68,1.06,2901,1,0,0,0
TXN100604,76.24,purchase,14,0.6,4.81,812,0,0,0,0
TXN100605,55.66,purchase,10,27.85,7.48,2845,3,0,0,0
TXN100606,153.09,transfer,13,14.92,0.85,2895,2,0,0,0
TXN100607,9.77,purchase,13,33.89,2.39,734,1,0,0,0
TXN100608,250.35,refund,2,568.4,732.09,300,11,1,0,1
TXN100609,26.03,withdrawal,11,21.48,0.8,2237,1,1,0,0
TXN100610,26.89,online,12,4.94,0.69,3483,2,0,0,0
TXN100611,91.61,online,14,2.92,6.86,1993,2,0,1,0
TXN100612,71.71,withdrawal,11,0.21,34.26,3331,0,0,0,0
TXN100613,88.73,online,10,15.82,3.52,3396,1,0,0,0
TXN100614,26.1,purchase,10,0.52,1.5,3145,2,0,0,0
TXN100615,740.91,online,0,587.6,124.58,227,7,1,1,1
TXN100616,27.61,purchase,10,9.82,0.05,3297,2,0,0,0
TXN100617,70.67,refund,20,7.11,9.59,2931,3,0,0,0
TXN100618,68.86,online,17,13.76,0.38,1423,3,0,0,0
TXN100619,196.43,transfer,17,5.05,12.31,3163,3,0,0,0
TXN100620,580.84,online,5,416.32,7.99,26,5,0,1,1
TXN100621,90.88,online,17,25.51,5.19,3512,0,0,0,0
TXN100622,164.5,withdrawal,13,11.9,1.56,3225,1,0,0,0
TXN100623,48.47,online,15,5.81,0.57,3199,1,0,1,0
TXN100624,168.79,online,11,13.5,5.31,2103,3,0,0,0
TXN100625,27.82,transfer,14,1.38,3.26,354,1,0,0,0
TXN100626,107.64,purchase,12,0.79,2.08,839,4,0,0,0
TXN100627,80.07,purchase,3,8.96,1.03,314,2,1,0,0
TXN100628,229.2,withdrawal,12,0.33,0.93,1375,1,0,0,0
TXN100629,133.48,purchase,12,10.32,1.66,1612,2,0,0,0
TXN100630,156.74,withdrawal,14,11.25,4.57,729,1,0,0,0
TXN100631,25.96,purchase,12,20.21,5.43,351,0,0,0,0
TXN100632,152.11,purchase,20,7.45,5.05,2665,2,0,0,0
TXN100633,146.93,online,13,19.1,3.54,446,3,0,0,0
TXN100634,58.61,withdrawal,16,9.3,1.69,2047,3,0,0,0
TXN100635,77.73,purchase,11,3.07,0.76,1735,2,0,1,0
TXN100636,24.2,transfer,7,11.17,3.46,2911,1,0,0,0
TXN100637,189.21,purchase,9,11.24,6.63,2689,4,0,0,0
TXN100638,158.44,purchase,15,6.76,15.69,1439,3,0,1,0
TXN100639,66.55,purchase,10,1.89,3.76,3192,2,0,0,0
TXN100640,215.04,transfer,15,8.96,2.3,140,1,0,0,0
TXN100641,117.07,purchase,18,12.12,5.26,1387,0,0,0,0
TXN100642,88.56,online,13,43.89,1.0,2729,1,0,0,0
TXN100643,113.79,purchase,10,5.78,0.42,1565,2,0,0,0
TXN100644,52.44,purchase,17,13.11,0.79,194,3,0,0,0
TXN100645,140.1,transfer,16,10.29,1.57,319,2,0,0,0
TXN100646,232.32,purchase,5,639.23,278.58,274,11,0,1,1
TXN100647,210.85,transfer,13,5.62,8.28,3228,1,0,0,0
TXN100648,76.65,purchase,18,1.83,2.81,2756,1,0,0,0
TXN100649,35.78,withdrawal,14,16.91,20.22,3002,1,0,0,0
TXN100650,46.53,purchase,15,3.73,1.42,681,1,1,0,0
TXN100651,98.38,online,14,8.06,10.57,1468,0,0,0,0
TXN100652,49.02,transfer,14,9.7,4.67,3469,2,0,0,0
TXN100653,375.93,withdrawal,17,3.36,3.26,1041,2,0,0,0
TXN100654,108.19,purchase,17,0.94,2.12,1482,0,0,0,0
TXN100655,84.34,transfer,12,17.85,13.62,1707,7,0,0,0
TXN100656,26.25,transfer,11,0.55,5.45,2014,2,0,0,0
TXN100657,76.9,purchase,17,8.2,0.33,2019,2,0,0,0
TXN100658,98.42,purchase,18,2.35,3.62,3093,0,0,0,0
TXN100659,551.27,purchase,2,402.98,119.07,234,12,1,0,1
TXN100660,76.24,online,11,16.72,5.21,3111,3,0,0,0
TXN100661,87.96,online,15,12.8,16.28,2267,3,0,0,0
TXN100662,47.88,withdrawal,19,0.92,10.24,3058,2,0,0,0
TXN100663,143.78,withdrawal,14,6.15,1.35,2575,2,0,0,0
TXN100664,194.38,withdrawal,10,21.49,11.96,2054,3,0,0,0
TXN100665,45.68,transfer,16,30.96,5.45,2146,3,0,0,0
TXN100666,70.68,transfer,11,2.45,0.33,1447,2,0,0,0
TXN100667,47.65,online,8,10.07,0.82,2174,1,0,0,0
TXN100668,22.18,purchase,13,17.52,0.84,2188,2,0,0,0
TXN100669,74.98,online,16,4.16,3.26,2394,1,0,0,0
TXN100670,49.14,online,11,5.61,3.87,3388,0,0,0,0
TXN100671,207.42,online,11,2.54,0.02,2581,6,0,0,0
TXN100672,8.95,online,13,2.21,4.19,1253,2,0,0,0
TXN100673,144.46,transfer,16,6.15,2.39,2718,2,0,0,0
TXN100674,75.18,online,6,5.12,1.41,2935,1,0,0,0
TXN100675,31.71,transfer,13,0.4,0.57,2160,1,0,0,0
TXN100676,64.54,online,16,18.03,8.65,1531,1,0,0,0
TXN100677,45.17,withdrawal,14,1.9,5.42,2201,0,0,0,0
TXN100678,55.47,withdrawal,14,2.38,3.27,3308,2,0,0,0
TXN100679,147.17,purchase,10,2.83,0.77,1737,4,1,0,0
TXN100680,69.27,purchase,15,12.7,3.02,1310,1,0,0,0
TXN100681,117.01,purchase,9,0.24,2.3,3103,1,0,0,0
TXN100682,248.35,online,1,665.6,192.19,25,6,0,1,1
TXN100683,115.78,purchase,12,1.29,9.67,1881,0,0,0,0
TXN100684,97.37,purchase,23,7.89,5.84,1567,4,1,0,0
TXN100685,19.8,online,20,6.78,6.16,837,3,0,0,0
TXN100686,18.34,purchase,16,10.63,0.89,2368,2,0,0,0
TXN100687,300.98,online,8,9.05,4.58,2186,2,0,0,0
TXN100688,239.41,withdrawal,14,14.73,27.47,1250,1,0,0,0
TXN100689,235.1,purchase,20,2.96,3.19,47,0,0,0,0
TXN100690,95.46,online,14,7.67,1.37,3618,3,0,0,0
TXN100691,39.35,refund,12,5.35,1.37,2975,1,0,0,0
TXN100692,26.12,withdrawal,18,7.9,6.28,874,1,0,0,0
TXN100693,112.32,purchase,11,9.81,6.31,1450,3,0,0,0
TXN100694,629.01,online,1,24.88,203.99,346,15,1,0,1
TXN100695,50.62,online,9,19.38,7.4,1498,3,0,0,0
TXN100696,97.06,transfer,10,6.12,14.29,3565,3,0,0,0
TXN100697,114.4,purchase,12,1.61,2.45,3240,3,0,0,0
TXN100698,54.62,online,17,1.87,1.48,3623,0,0,0,0
TXN100699,116.06,purchase,8,4.55,5.16,3411,1,0,0,0
TXN100700,82.31,purchase,13,0.53,0.23,1919,1,0,0,0
TXN100701,218.13,purchase,13,15.3,7.65,1217,4,0,1,0
TXN100702,51.77,withdrawal,9,9.68,1.25,2164,2,0,1,0
TXN100703,156.42,purchase,20,2.23,6.85,250,2,0,0,0
TXN100704,35.41,transfer,16,9.81,5.22,3111,2,0,0,0
TXN100705,55.37,withdrawal,17,6.73,5.17,2103,6,0,0,0
TXN100706,105.18,withdrawal,14,1.6,0.38,2034,2,0,0,0
TXN100707,35.27,refund,8,8.49,0.82,1392,0,0,0,0
TXN100708,124.89,online,13,3.2,8.63,3210,1,0,0,0
TXN100709,46.25,purchase,17,2.69,1.19,941,1,0,0,0
TXN100710,10.85,refund,21,2.35,6.86,1798,3,0,0,0
TXN100711,57.87,online,16,9.76,19.13,1158,3,0,0,0
TXN100712,78.34,purchase,5,2.14,1.95,2242,0,0,1,0
TXN100713,148.22,online,16,8.93,0.08,1700,1,0,1,0
TXN100714,83.8,purchase,18,2.83,2.99,198,0,0,0,0
TXN100715,96.54,purchase,14,2.54,13.51,1340,2,0,0,0
TXN100716,11.44,refund,14,0.66,8.62,2194,3,0,0,0
TXN100717,180.26,withdrawal,5,26.37,4.16,604,2,0,0,0
TXN100718,12.17,purchase,13,1.58,2.3,3593,1,0,0,0
TXN100719,69.16,withdrawal,8,4.42,0.06,190,3,0,0,0
TXN100720,86.57,online,11,3.14,4.11,1390,2,0,0,0
TXN100721,34.04,transfer,19,0.75,3.19,2694,3,0,1,0
TXN100722,77.79,online,8,13.2,1.13,1388,0,0,0,0
TXN100723,34.11,purchase,10,20.97,2.39,236,4,0,0,0
TXN100724,35.21,withdrawal,11,14.29,5.24,1852,1,0,0,0
TXN100725,71.96,refund,12,8.1,9.47,2853,1,0,0,0
TXN100726,29.84,transfer,15,3.68,4.27,2438,3,0,0,0
TXN100727,25.45,purchase,13,7.53,0.29,85,0,0,0,0
TXN100728,8.19,purchase,15,4.1,10.9,827,0,0,1,0
TXN100729,21.13,purchase,19,15.58,6.87,1069,3,0,0,0
TXN100730,449.6,withdrawal,5,354.1,244.85,103,10,1,0,1
TXN100731,167.6,purchase,12,1.69,14.82,559,3,1,0,0
TXN100732,117.32,transfer,18,2.06,1.09,1027,2,0,1,0
TXN100733,846.26,purchase,2,146.56,607.9,176,9,1,0,1
TXN100734,186.54,transfer,17,11.53,11.48,1081,2,0,0,0
TXN100735,229.72,transfer,2,102.51,90.52,3,10,1,1,1
TXN100736,146.04,transfer,14,6.0,5.0,3300,1,0,0,0
TXN100737,193.79,online,11,7.19,10.21,2582,4,0,0,0
TXN100738,85.23,transfer,17,4.93,3.38,1988,2,1,0,0
TXN100739,62.12,withdrawal,11,9.86,14.97,1483,1,0,0,0
TXN100740,74.11,online,18,1.15,1.5,1812,3,0,0,0
TXN100741,26.86,purchase,12,4.36,13.17,2662,3,0,0,0
TXN100742,71.42,purchase,16,19.18,9.88,3095,2,0,0,0
TXN100743,140.12,online,17,0.04,1.72,1579,2,0,0,0
TXN100744,464.59,transfer,0,50.74,587.88,207,8,1,1,1
TXN100745,66.78,online,10,8.2,21.11,1759,4,0,0,0
TXN100746,104.39,transfer,12,3.4,5.92,1950,1,0,0,0
TXN100747,927.28,online,23,5.01,128.82,189,6,0,1,1
TXN100748,103.79,purchase,12,0.35,7.0,714,4,1,0,0
TXN100749,82.02,online,12,0.03,4.45,2892,3,0,0,0
TXN100750,341.82,transfer,2,521.93,341.9,130,6,1,1,1
TXN100751,79.23,online,16,2.15,3.2,3602,1,0,0,0
TXN100752,73.92,purchase,11,19.97,1.21,3260,7,0,0,0
TXN100753,16.21,purchase,12,2.9,8.93,1039,2,1,0,0
TXN100754,24.39,online,15,4.88,4.15,1016,2,0,0,0
TXN100755,112.83,online,14,27.2,0.45,198,7,0,0,0
TXN100756,19.77,transfer,20,3.24,6.14,1582,2,0,0,0
TXN100757,99.48,online,16,5.44,7.69,2163,0,0,0,0
TXN100758,95.14,transfer,11,11.44,15.79,994,1,0,0,0
TXN100759,128.89,purchase,18,12.37,2.41,3270,1,0,0,0
TXN100760,119.57,purchase,9,9.76,1.61,2840,1,0,0,0
TXN100761,213.28,online,4,328.91,467.42,235,5,1,0,1
TXN100762,87.01,online,15,1.55,5.19,1451,4,0,0,0
TXN100763,103.92,online,15,9.01,0.85,1655,1,0,0,0
TXN100764,115.83,transfer,16,3.43,1.16,1140,0,0,0,0
TXN100765,44.87,purchase,11,0.08,3.43,2827,1,0,0,0
TXN100766,84.5,transfer,16,14.28,3.15,120,1,0,0,0
TXN100767,76.13,online,13,10.26,10.21,646,1,0,0,0
TXN100768,73.01,purchase,12,17.16,6.76,455,1,0,0,0
TXN100769,80.11,withdrawal,14,2.51,0.4,2560,3,0,0,0
TXN100770,268.66,withdrawal,9,11.82,7.75,199,2,0,0,0
TXN100771,110.7,purchase,18,11.15,5.62,3585,1,0,0,0
TXN100772,152.73,online,13,4.52,0.59,2734,4,0,0,0
TXN100773,87.96,transfer,12,1.96,2.78,1224,2,0,0,0
TXN100774,119.09,withdrawal,13,0.9,0.55,2235,0,0,0,0
TXN100775,100.34,transfer,10,6.54,2.83,3355,3,0,1,0
TXN100776,64.29,purchase,9,1.83,4.38,1832,3,0,0,0
TXN100777,94.17,online,6,5.79,3.72,3544,2,0,0,0
TXN100778,126.12,online,13,2.31,8.38,3370,4,0,0,0
TXN100779,33.17,online,0,6.73,22.99,1813,1,0,0,0
TXN100780,94.57,refund,12,0.89,1.5,350,1,0,0,0
TXN100781,31.0,transfer,12,1.02,2.75,3563,2,0,0,0
TXN100782,27.66,transfer,14,8.18,2.61,3255,0,0,0,0
TXN100783,35.77,withdrawal,10,8.55,12.08,325,3,0,0,0
TXN100784,5.92,withdrawal,13,33.43,1.47,1625,0,0,0,0
TXN100785,19.09,online,10,12.46,1.37,3442,1,0,0,0
TXN100786,62.11,withdrawal,15,0.45,12.74,1272,1,0,0,0
TXN100787,70.3,purchase,13,4.71,8.89,806,1,0,1,0
TXN100788,152.67,purchase,12,13.63,3.73,2754,1,0,0,0
TXN100789,94.49,purchase,13,4.18,8.44,1051,1,0,0,0
TXN100790,7.36,online,14,4.36,7.44,1340,5,0,0,0
TXN100791,224.73,transfer,8,29.12,9.33,3401,1,0,0,0
TXN100792,117.14,purchase,16,0.97,1.31,3168,1,0,0,0
TXN100793,52.78,transfer,17,11.18,3.12,1098,2,1,0,0
TXN100794,202.41,purchase,15,1.28,6.02,3364,5,0,0,0
TXN100795,14.06,online,20,4.99,1.31,1202,1,0,0,0
TXN100796,97.93,online,15,0.69,1.17,1461,1,0,0,0
TXN100797,139.72,purchase,13,25.1,15.26,170,4,0,0,0
TXN100798,798.62,online,23,1940.77,105.82,182,13,1,1,1
TXN100799,58.41,withdrawal,9,6.03,0.52,3618,0,0,0,0
TXN100800,118.88,purchase,15,17.59,2.79,2000,2,0,0,0
TXN100801,76.05,purchase,15,1.21,1.36,558,1,0,0,0
TXN100802,51.53,refund,11,1.94,3.96,1637,2,0,1,0
TXN100803,48.22,purchase,13,1.53,2.3,2790,2,0,0,0
TXN100804,111.5,purchase,17,4.54,0.17,2777,0,0,0,0
TXN100805,128.34,purchase,10,6.26,0.32,960,2,0,0,0
TXN100806,83.08,online,7,12.45,11.14,2989,2,0,1,0
TXN100807,26.78,refund,20,1.65,17.26,3338,3,0,0,0
TXN100808,33.26,purchase,4,0.39,11.77,943,3,0,0,0
TXN100809,73.93,transfer,11,0.35,3.07,1448,0,0,0,0
TXN100810,106.27,withdrawal,15,2.63,5.04,1309,2,0,0,0
TXN100811,7.5,purchase,15,11.87,6.45,2665,3,0,0,0
TXN100812,53.5,purchase,22,50.87,1.87,147,1,0,0,0
TXN100813,192.67,withdrawal,16,34.63,11.43,1431,3,0,0,0
TXN100814,49.15,transfer,12,14.8,6.02,1958,3,0,0,0
TXN100815,461.36,withdrawal,1,404.12,129.22,229,4,0,0,1
TXN100816,92.29,purchase,12,5.73,2.19,2281,1,0,0,0
TXN100817,57.53,online,15,15.06,0.37,766,0,0,0,0
TXN100818,20.67,transfer,18,5.36,5.4,860,3,0,0,0
TXN100819,92.64,purchase,11,4.01,1.99,3071,4,0,0,0
TXN100820,80.15,transfer,10,0.16,0.91,512,1,0,0,0
TXN100821,31.68,purchase,18,17.15,11.67,3040,2,0,0,0
TXN100822,153.69,online,3,1454.7,86.99,310,11,1,1,1
TXN100823,239.64,purchase,13,7.86,2.53,470,1,0,0,0
TXN100824,45.36,purchase,9,11.59,12.34,2663,6,0,1,0
TXN100825,113.41,purchase,9,17.61,3.23,69,1,0,1,0
TXN100826,4.21,purchase,17,17.04,1.46,1689,1,0,0,0
TXN100827,64.78,transfer,11,13.44,0.44,3410,4,0,0,0
TXN100828,91.53,purchase,4,1.66,1.68,3203,2,0,0,0
TXN100829,44.4,purchase,18,10.67,3.94,2416,2,0,1,0
TXN100830,157.22,transfer,23,13.57,328.39,125,6,1,1,1
TXN100831,24.83,purchase,15,0.87,4.3,108,2,0,1,0
TXN100832,39.91,online,8,1.65,2.05,1082,2,0,0,0
TXN100833,45.58,online,18,1.05,2.91,2529,2,0,1,0
TXN100834,8.57,online,8,1.95,2.73,1428,0,0,0,0
TXN100835,10.83,withdrawal,14,1.47,1.65,81,3,0,1,0
TXN100836,328.41,transfer,19,5.54,2.26,830,2,0,0,0
TXN100837,66.89,withdrawal,12,5.41,1.18,3197,0,0,0,0
TXN100838,167.86,purchase,13,3.11,4.87,630,3,0,0,0
TXN100839,790.44,withdrawal,22,56.16,207.65,68,6,1,1,1
TXN100840,168.09,purchase,15,1.75,10.16,2160,6,0,0,0
TXN100841,501.75,online,5,75.98,191.64,286,10,1,1,1
TXN100842,159.33,withdrawal,17,0.57,4.11,2569,7,0,0,0
TXN100843,66.6,transfer,15,3.66,0.64,2547,2,0,0,0
TXN100844,33.16,withdrawal,8,9.88,4.6,3390,2,0,0,0
TXN100845,57.82,purchase,8,6.04,24.66,2616,3,1,0,0
TXN100846,225.75,transfer,16,0.09,0.6,2016,0,0,0,0
TXN100847,76.22,transfer,12,7.89,1.56,2357,1,0,0,0
TXN100848,109.54,online,12,7.43,3.27,393,1,1,0,0
TXN100849,10.19,purchase,8,8.92,5.5,2596,0,0,0,0
TXN100850,56.38,purchase,13,4.88,1.36,3341,0,0,0,0
TXN100851,214.67,online,16,8.92,1.87,2155,2,0,0,0
TXN100852,178.3,withdrawal,15,6.29,2.97,700,2,0,0,0
TXN100853,46.45,purchase,10,9.23,0.76,554,3,0,0,0
TXN100854,173.04,refund,12,17.54,5.6,2879,1,0,0,0
TXN100855,67.81,withdrawal,13,0.18,3.95,1629,2,1,0,0
TXN100856,223.45,purchase,6,4.02,1.26,2717,1,0,0,0
TXN100857,90.44,online,17,3.62,1.58,2442,4,0,0,0
TXN100858,218.23,purchase,12,15.62,2.79,747,6,0,0,0
TXN100859,133.06,transfer,0,1299.18,630.71,306,7,1,1,1
TXN100860,22.23,online,9,4.83,6.59,1203,1,0,0,0
TXN100861,82.69,online,13,0.06,8.16,85,2,0,0,0
TXN100862,34.35,purchase,6,22.67,1.8,2378,3,0,0,0
TXN100863,69.86,purchase,17,2.76,4.18,948,2,0,0,0
TXN100864,153.76,purchase,10,19.53,12.85,1121,2,0,0,0
TXN100865,106.54,purchase,18,1.97,12.33,552,5,0,0,0
TXN100866,55.73,transfer,15,5.87,6.54,1435,1,0,0,0
TXN100867,74.59,transfer,19,37.23,1.55,3617,2,0,0,0
TXN100868,756.76,transfer,22,1272.91,203.57,187,9,1,1,1
TXN100869,219.12,online,15,2.12,7.18,3270,3,1,0,0
TXN100870,124.09,withdrawal,17,16.9,3.19,3569,5,0,0,0
TXN100871,159.61,online,12,0.16,29.61,1745,3,0,0,0
TXN100872,30.92,transfer,12,4.45,12.49,734,2,0,0,0
TXN100873,24.82,online,11,1.48,1.98,1664,1,0,0,0
TXN100874,23.9,transfer,7,3.77,3.49,2779,1,0,0,0
TXN100875,209.03,purchase,15,13.39,5.56,2277,2,0,0,0
TXN100876,97.2,online,14,2.2,4.72,2317,2,0,1,0
TXN100877,216.71,withdrawal,8,5.11,6.57,2184,2,0,0,0
TXN100878,116.5,transfer,17,3.14,3.98,2051,0,0,0,0
TXN100879,211.0,withdrawal,14,2.05,10.76,2381,1,0,0,0
TXN100880,139.42,transfer,9,5.39,10.68,1332,3,0,0,0
TXN100881,48.82,transfer,14,14.15,0.52,191,3,1,0,0
TXN100882,30.17,withdrawal,12,2.9,16.15,1100,4,0,0,0
TXN100883,111.21,transfer,19,4.71,4.69,505,2,0,0,0
TXN100884,273.5,purchase,11,0.77,1.35,1649,2,0,0,0
TXN100885,177.81,purchase,9,2.32,6.39,1914,1,0,0,0
TXN100886,107.95,online,8,3.47,1.04,1467,1,1,1,0
TXN100887,1458.73,transfer,2,261.7,26.93,379,7,0,1,1
TXN100888,107.4,withdrawal,14,3.16,2.19,2394,5,0,0,0
TXN100889,120.64,withdrawal,9,5.78,0.86,2671,3,0,0,0
TXN100890,65.92,purchase,8,3.46,1.89,3599,0,0,0,0
TXN100891,62.64,online,13,2.97,1.29,3611,3,0,0,0
TXN100892,11.96,withdrawal,11,7.66,5.73,2473,1,0,0,0
TXN100893,72.99,online,16,6.52,7.54,2481,3,0,0,0
TXN100894,136.49,online,13,14.07,3.48,1401,3,0,0,0
TXN100895,47.24,purchase,13,49.27,0.87,2637,2,0,0,0
TXN100896,29.85,purchase,16,10.83,9.03,3600,3,0,0,0
TXN100897,22.16,withdrawal,13,13.03,26.34,1889,1,1,0,0
TXN100898,210.02,online,11,10.76,3.01,2129,2,0,0,0
TXN100899,91.21,online,17,7.26,0.26,961,5,0,0,0
TXN100900,164.67,online,15,0.95,3.8,428,2,0,0,0
TXN100901,99.12,purchase,22,18.37,6.19,2734,3,0,0,0
TXN100902,134.12,purchase,15,9.07,0.32,3314,2,0,0,0
TXN100903,97.72,purchase,15,0.9,10.7,2803,2,1,0,0
TXN100904,86.94,withdrawal,16,21.56,3.95,1322,3,0,0,0
TXN100905,40.91,purchase,13,16.69,2.09,3026,4,0,1,0
TXN100906,62.6,purchase,16,5.15,4.04,515,4,0,0,0
TXN100907,213.06,refund,15,17.29,10.81,3080,1,0,0,0
TXN100908,62.95,refund,16,3.76,0.0,2055,0,0,0,0
TXN100909,83.54,transfer,14,4.48,1.15,3531,3,0,0,0
TXN100910,25.96,withdrawal,12,3.77,11.0,2709,1,0,0,0
TXN100911,60.75,transfer,16,0.48,5.94,3093,3,0,0,0
TXN100912,24.95,withdrawal,7,4.89,4.71,479,4,0,1,0
TXN100913,115.63,online,11,19.84,0.41,986,2,0,0,0
TXN100914,159.56,refund,10,4.48,3.49,3132,2,0,0,0
TXN100915,47.51,purchase,15,6.6,11.22,2665,3,0,0,0
TXN100916,134.14,purchase,14,1.42,6.43,2073,1,1,0,0
TXN100917,79.82,withdrawal,16,4.61,0.47,2282,0,0,0,0
TXN100918,170.9,purchase,18,9.35,5.01,702,1,0,0,0
TXN100919,85.4,purchase,17,17.1,5.73,2692,2,0,0,0
TXN100920,1605.3,transfer,22,308.56,221.35,347,8,1,1,1
TXN100921,38.67,purchase,20,7.36,1.14,2424,1,0,0,0
TXN100922,38.69,withdrawal,7,9.5,3.85,1132,1,0,0,0
TXN100923,185.73,transfer,10,0.55,4.45,1316,3,0,0,0
TXN100924,67.7,online,18,0.7,2.82,1913,3,0,0,0
TXN100925,32.3,refund,14,4.23,6.6,74,3,0,0,0
TXN100926,275.07,purchase,14,12.9,0.85,686,3,0,1,0
TXN100927,7.35,purchase,13,3.33,6.95,3405,2,0,0,0
TXN100928,41.54,purchase,13,1.12,0.86,3422,1,0,0,0
TXN100929,19.76,withdrawal,15,12.61,1.17,380,3,0,0,0
TXN100930,67.93,purchase,11,14.68,6.85,548,1,0,0,0
TXN100931,104.83,online,12,1.6,8.06,1975,5,0,0,0
TXN100932,62.55,online,7,3.31,12.28,1315,1,0,0,0
TXN100933,45.95,online,18,5.1,1.53,3628,0,1,0,0
TXN100934,74.68,transfer,11,1.0,5.19,3105,2,1,1,0
TXN100935,81.31,purchase,12,11.62,3.45,1065,1,0,0,0
TXN100936,71.91,purchase,13,0.18,1.6,1842,2,0,0,0
TXN100937,39.51,withdrawal,14,2.55,2.46,1466,3,1,1,0
TXN100938,66.67,online,19,13.17,0.39,1553,4,0,0,0
TXN100939,20.67,online,13,0.58,9.51,1178,1,0,0,0
TXN100940,125.24,purchase,15,0.69,5.39,1847,0,0,0,0
TXN100941,36.34,purchase,15,0.77,1.54,608,0,0,0,0
TXN100942,91.22,purchase,14,0.12,5.34,471,3,0,0,0
TXN100943,135.2,refund,9,2.64,16.54,669,2,0,0,0
TXN100944,109.03,purchase,9,3.36,13.59,1452,1,0,0,0
TXN100945,27.17,purchase,9,12.79,2.03,830,2,0,0,0
TXN100946,87.1,online,13,2.44,5.86,741,2,0,0,0
TXN100947,423.51,withdrawal,5,862.38,231.87,67,8,1,0,1
TXN100948,121.76,purchase,14,26.92,0.17,304,2,1,1,0
TXN100949,70.26,purchase,12,0.79,8.38,3435,2,0,0,0
TXN100950,56.06,purchase,18,3.27,20.03,1430,3,0,0,0
TXN100951,152.94,transfer,15,25.04,1.11,732,1,0,1,0
TXN100952,11.86,withdrawal,16,44.15,21.84,3072,2,0,0,0
TXN100953,42.99,purchase,12,7.54,17.08,2931,3,0,0,0
TXN100954,105.18,purchase,8,26.63,18.01,2135,7,0,0,0
TXN100955,245.4,online,10,15.18,3.93,1244,2,0,0,0
TXN100956,112.68,online,12,0.63,1.26,2151,2,0,0,0
TXN100957,107.16,online,8,13.23,4.26,1676,5,0,0,0
TXN100958,26.17,purchase,11,4.6,2.68,2111,3,0,0,0
TXN100959,655.86,refund,1,127.51,22.22,255,10,1,1,1
TXN100960,73.6,withdrawal,9,2.31,2.12,3261,2,0,0,0
TXN100961,123.29,transfer,14,1.83,2.64,3065,3,0,0,0
TXN100962,21.4,purchase,12,0.46,7.42,1999,1,0,0,0
TXN100963,212.75,purchase,16,0.18,2.03,63,2,0,0,0
TXN100964,446.07,withdrawal,3,182.95,19.69,271,12,1,1,1
TXN100965,61.54,transfer,18,28.65,2.98,2533,0,0,0,0
TXN100966,135.65,online,15,0.1,3.51,2607,1,1,0,0
TXN100967,104.55,purchase,16,4.72,1.4,241,3,0,0,0
TXN100968,118.3,refund,16,6.3,0.22,1835,3,0,0,0
TXN100969,127.91,transfer,10,0.66,5.22,3229,3,0,1,0
TXN100970,108.48,online,12,4.19,0.29,600,7,0,0,0
TXN100971,103.2,withdrawal,19,10.77,0.39,2132,3,0,0,0
TXN100972,119.47,purchase,9,4.72,26.68,2838,0,0,0,0
TXN100973,130.02,online,17,6.44,15.58,2577,2,0,0,0
TXN100974,632.03,transfer,5,429.13,24.1,88,7,1,1,1
TXN100975,31.45,online,10,22.36,10.67,804,1,0,1,0
TXN100976,97.96,purchase,12,10.9,4.32,2044,2,0,0,0
TXN100977,15.75,purchase,10,0.08,10.45,531,3,0,0,0
TXN100978,150.26,purchase,12,5.61,2.22,107,2,0,1,0
TXN100979,108.54,refund,16,8.24,0.93,2835,0,0,0,0
TXN100980,86.25,purchase,9,1.24,0.11,800,1,0,0,0
TXN100981,30.15,refund,17,4.3,0.06,3284,2,0,0,0
TXN100982,110.45,purchase,7,4.6,6.65,632,1,0,0,0
TXN100983,31.53,online,13,8.66,0.39,3347,2,0,0,0
TXN100984,36.22,transfer,13,3.65,9.23,154,3,0,1,0
TXN100985,109.0,purchase,13,1.5,2.29,1772,2,0,0,0
TXN100986,98.62,online,15,14.78,1.65,2472,4,0,0,0
TXN100987,19.2,purchase,17,0.53,0.38,3136,4,0,0,0
TXN100988,36.05,purchase,21,9.16,1.36,607,2,0,0,0
TXN100989,16.33,transfer,14,5.05,4.22,1438,1,0,0,0
TXN100990,124.39,purchase,9,9.26,2.34,2665,0,0,0,0
TXN100991,26.27,online,18,2.17,16.01,3049,2,0,0,0
TXN100992,89.27,purchase,11,5.17,2.1,1406,1,0,1,0
TXN100993,96.4,purchase,18,19.37,0.35,3295,1,0,0,0
TXN100994,64.17,purchase,20,4.07,1.57,1994,2,0,0,0
TXN100995,56.51,purchase,17,8.58,1.0,884,1,1,0,0
TXN100996,7.42,purchase,23,3.31,16.72,1840,1,0,0,0
TXN100997,168.93,withdrawal,10,5.34,0.64,2076,1,0,0,0
TXN100998,118.51,withdrawal,16,5.13,9.8,3521,2,0,0,0
TXN100999,108.36,online,9,1.79,11.62,3586,0,0,1,0
TXN101000,182.52,online,3,143.74,62.42,244,9,0,1,1
TXN101001,65.18,purchase,13,9.1,2.46,97,2,0,0,0
TXN101002,211.48,purchase,13,0.3,0.24,566,3,0,0,0
TXN101003,53.11,purchase,12,4.56,2.5,426,3,0,0,0
TXN101004,152.86,purchase,15,24.79,3.69,385,2,0,0,0
TXN101005,8.54,transfer,6,4.55,6.28,291,0,0,1,0
TXN101006,38.24,purchase,10,18.69,4.24,1768,4,0,0,0
TXN101007,207.21,purchase,6,17.86,11.86,1583,3,0,0,0
TXN101008,108.6,transfer,16,0.48,1.46,67,3,0,0,0
TXN101009,33.67,purchase,15,10.38,2.24,1623,3,0,0,0
TXN101010,189.64,online,12,1.64,1.96,643,3,0,0,0
TXN101011,31.11,online,14,4.17,5.43,481,6,0,0,0
TXN101012,127.67,purchase,16,11.48,6.34,3638,3,0,0,0
TXN101013,127.07,online,16,1.93,2.2,688,2,0,0,0
TXN101014,90.22,purchase,15,4.09,0.91,912,2,0,0,0
TXN101015,80.56,purchase,11,0.41,4.75,3537,4,0,0,0
TXN101016,187.59,withdrawal,11,5.46,1.03,2288,5,0,0,0
TXN101017,20.2,refund,14,7.56,1.64,1125,1,0,0,0
TXN101018,287.7,online,15,7.53,5.82,2068,1,0,0,0
TXN101019,138.27,purchase,9,0.73,1.4,2087,1,0,0,0
TXN101020,84.98,withdrawal,11,6.83,6.12,3419,1,0,1,0
TXN101021,115.44,purchase,14,8.39,3.75,2424,3,0,0,0
TXN101022,104.96,withdrawal,10,1.99,10.77,227,3,0,0,0
TXN101023,31.07,withdrawal,11,7.21,3.61,3625,1,0,0,0
TXN101024,37.8,purchase,4,3.68,0.46,969,2,0,0,0
TXN101025,132.88,online,23,4.81,3.05,2921,3,0,0,0
TXN101026,170.26,withdrawal,18,0.71,33.03,1771,2,0,0,0
TXN101027,48.0,withdrawal,22,2.53,6.61,2026,3,0,0,0
TXN101028,174.86,withdrawal,19,33.0,2.16,3006,0,0,1,0
TXN101029,53.45,online,12,8.94,3.97,2992,2,0,0,0
TXN101030,126.07,withdrawal,8,0.05,9.31,1190,2,0,0,0
TXN101031,135.74,purchase,8,4.18,0.18,548,5,0,0,0
TXN101032,77.23,withdrawal,16,5.36,4.43,2305,2,1,0,0
TXN101033,64.48,purchase,10,22.22,7.13,3361,6,0,0,0
TXN101034,194.81,withdrawal,19,2.94,11.84,165,3,0,0,0
TXN101035,73.19,purchase,20,0.31,0.16,1291,1,0,1,0
TXN101036,91.19,withdrawal,13,12.28,2.4,542,1,0,0,0
TXN101037,71.3,purchase,13,9.27,5.13,1170,1,0,0,0
TXN101038,79.01,purchase,14,0.46,5.49,3396,2,0,0,0
TXN101039,30.79,purchase,16,24.56,0.8,713,6,0,1,0
TXN101040,102.12,online,12,5.77,6.31,934,1,0,0,0
TXN101041,114.47,withdrawal,6,1.18,0.94,2817,1,0,0,0
TXN101042,174.13,transfer,14,4.77,0.21,1189,4,1,0,0
TXN101043,350.41,purchase,11,2.68,3.57,1602,5,0,0,0
TXN101044,51.27,purchase,9,14.57,6.91,1654,2,0,0,0
TXN101045,19.38,online,13,9.6,4.94,3140,0,0,0,0
TXN101046,215.36,purchase,9,8.49,1.23,920,2,1,0,0
TXN101047,74.22,withdrawal,10,5.9,7.17,1849,2,0,1,0
TXN101048,202.86,transfer,15,17.57,0.79,665,1,0,0,0
TXN101049,36.19,purchase,15,2.02,3.68,2330,3,0,0,0
TXN101050,47.83,purchase,19,10.59,6.62,2579,2,0,0,0
TXN101051,95.37,purchase,13,16.93,0.66,1987,2,0,0,0
TXN101052,217.43,withdrawal,13,4.8,2.16,1104,1,0,0,0
TXN101053,136.74,withdrawal,15,3.55,1.79,3498,1,0,0,0
TXN101054,104.2,purchase,11,1.16,2.79,1342,3,0,0,0
TXN101055,97.88,purchase,7,2.27,3.88,1854,1,0,0,0
TXN101056,133.95,purchase,19,13.37,0.11,422,2,0,0,0
TXN101057,11.73,online,20,1.84,9.12,2053,3,0,0,0
TXN101058,30.95,online,15,7.91,6.07,1097,2,0,0,0
TXN101059,184.64,transfer,5,8.88,5.34,925,1,0,0,0
TXN101060,120.62,withdrawal,9,1.09,6.71,2498,2,0,0,0
TXN101061,239.78,online,9,6.47,4.37,1061,1,0,0,0
TXN101062,60.39,withdrawal,10,14.54,0.23,2564,3,0,0,0
TXN101063,121.68,transfer,13,9.31,2.52,3507,1,0,0,0
TXN101064,172.14,withdrawal,19,6.62,0.91,225,2,0,0,0
TXN101065,102.11,refund,6,0.34,1.39,1545,1,1,0,0
TXN101066,22.17,online,15,33.62,4.87,2989,0,0,0,0
TXN101067,68.54,transfer,20,6.44,3.16,2214,1,0,1,0
TXN101068,493.93,withdrawal,1,310.22,83.36,185,8,1,0,1
TXN101069,248.92,purchase,10,6.18,3.83,883,2,0,0,0
TXN101070,23.81,online,6,13.61,8.74,3024,3,0,0,0
TXN101071,68.13,online,13,0.57,4.77,2508,2,0,0,0
TXN101072,39.17,transfer,20,0.38,5.2,396,0,0,0,0
TXN101073,108.61,withdrawal,6,2.96,13.33,611,1,1,1,0
TXN101074,109.08,online,11,32.26,0.86,2452,5,1,0,0
TXN101075,159.34,withdrawal,12,3.37,2.24,3012,4,0,0,0
TXN101076,91.31,purchase,14,1.68,11.81,2670,1,0,0,0
TXN101077,30.11,withdrawal,17,14.08,3.82,2612,2,0,0,0
TXN101078,24.81,purchase,16,2.12,10.72,2320,0,0,0,0
TXN101079,77.83,withdrawal,12,3.45,3.58,2446,1,0,0,0
TXN101080,200.7,online,15,2.52,7.23,343,0,0,0,0
TXN101081,273.18,purchase,18,16.48,13.62,1297,0,0,0,0
TXN101082,185.07,purchase,14,18.08,6.12,496,3,0,0,0
TXN101083,109.27,online,10,1.51,5.86,2689,2,0,0,0
TXN101084,54.66,purchase,17,14.31,3.9,1997,3,0,1,0
TXN101085,132.94,purchase,22,12.87,4.73,2825,4,0,0,0
TXN101086,125.83,withdrawal,12,0.81,5.41,155,5,0,0,0
TXN101087,50.05,withdrawal,21,0.18,2.12,1136,0,0,0,0
TXN101088,33.97,online,11,29.39,2.01,2432,1,0,0,0
TXN101089,129.96,transfer,14,9.77,7.27,1319,1,1,0,0
TXN101090,16.92,refund,11,0.35,1.6,1056,2,0,0,0
TXN101091,47.28,refund,14,10.9,2.9,2392,2,0,1,0
TXN101092,194.82,refund,15,1.21,22.89,3477,2,0,0,0
TXN101093,281.39,online,4,3.76,0.3,3079,2,0,0,0
TXN101094,77.32,withdrawal,9,1.4,1.98,2126,5,0,1,0
TXN101095,105.04,purchase,22,2.25,3.22,130,3,0,0,0
TXN101096,150.08,purchase,15,0.16,11.4,2343,1,0,0,0
TXN101097,38.99,withdrawal,14,7.51,3.93,298,0,0,0,0
TXN101098,73.71,purchase,19,2.47,0.24,3066,1,0,1,0
TXN101099,69.98,transfer,11,5.8,6.65,2440,2,0,0,0
TXN101100,88.14,purchase,18,0.5,5.19,1371,3,0,0,0
TXN101101,75.04,purchase,15,3.56,2.97,1363,1,1,0,0
TXN101102,71.8,online,15,33.53,3.79,1724,1,0,0,0
TXN101103,39.08,transfer,0,6.66,5.68,1642,0,0,0,0
TXN101104,30.82,withdrawal,6,2.2,2.84,2538,3,0,0,0
TXN101105,166.41,online,19,1.55,2.57,3167,2,0,0,0
TXN101106,52.98,online,4,9.14,2.35,2839,2,0,0,0
TXN101107,675.81,refund,22,537.34,191.77,186,9,1,1,1
TXN101108,130.44,transfer,16,3.42,5.68,2280,3,0,0,0
TXN101109,83.51,online,14,6.29,1.92,745,1,0,0,0
TXN101110,42.42,online,10,16.8,2.8,1022,3,0,0,0
TXN101111,42.72,withdrawal,21,2.44,10.77,2088,3,0,0,0
TXN101112,113.54,purchase,18,14.15,0.75,969,0,0,0,0
TXN101113,67.62,online,9,11.64,3.16,3518,1,0,0,0
TXN101114,5.85,transfer,17,20.24,0.74,2503,2,0,0,0
TXN101115,78.52,purchase,13,1.99,4.64,2523,3,0,0,0
TXN101116,284.19,transfer,12,17.99,9.49,935,4,0,1,0
TXN101117,60.56,purchase,1,40.61,11.8,171,9,0,1,1
TXN101118,80.83,online,10,14.48,0.71,3218,0,1,0,0
TXN101119,46.74,purchase,12,14.14,11.74,2426,3,0,0,0
TXN101120,154.85,purchase,14,11.7,1.31,1175,2,0,0,0
TXN101121,343.4,purchase,10,12.65,0.62,2437,2,0,0,0
TXN101122,40.71,online,11,2.25,4.68,382,3,0,0,0
TXN101123,41.25,online,15,5.91,0.16,897,5,0,0,0
TXN101124,96.98,online,12,0.22,1.97,2674,4,0,0,0
TXN101125,84.68,purchase,12,24.13,0.42,1933,1,0,0,0
TXN101126,138.76,online,14,7.6,2.04,812,2,0,0,0
TXN101127,105.94,online,11,8.89,1.52,3638,1,0,0,0
TXN101128,46.23,purchase,18,23.11,3.94,1777,3,0,1,0
TXN101129,117.52,purchase,11,32.72,2.77,1650,5,0,0,0
TXN101130,125.18,refund,13,9.23,11.01,2876,0,0,0,0
TXN101131,70.76,purchase,6,27.45,7.67,2096,5,0,0,0
TXN101132,72.28,transfer,8,24.74,30.85,514,3,0,0,0
TXN101133,37.09,online,7,19.22,5.1,2754,2,0,0,0
TXN101134,44.54,online,9,9.57,0.17,1913,2,0,0,0
TXN101135,180.61,withdrawal,14,5.9,5.09,526,1,0,0,0
TXN101136,94.07,online,14,4.66,1.21,2521,4,1,0,0
TXN101137,166.5,transfer,7,13.58,5.7,2838,1,0,0,0
TXN101138,338.41,withdrawal,12,5.57,5.24,2933,2,0,1,0
TXN101139,167.41,refund,11,0.63,1.0,527,2,1,0,0
TXN101140,16.58,purchase,9,1.33,1.92,1306,1,0,0,0
TXN101141,5.55,purchase,19,11.69,6.85,2223,4,0,0,0
TXN101142,78.29,online,13,12.96,0.27,248,6,0,0,0
TXN101143,58.43,purchase,18,1.2,4.43,1892,3,0,1,0
TXN101144,226.71,online,20,14.85,4.73,584,2,0,0,0
TXN101145,106.77,withdrawal,7,20.15,4.17,402,5,0,0,0
TXN101146,161.33,online,10,4.45,0.58,951,3,0,0,0
TXN101147,161.12,withdrawal,7,10.3,6.15,3159,2,0,0,0
TXN101148,35.43,purchase,6,17.59,8.98,1631,3,0,0,0
TXN101149,53.25,purchase,20,1.69,3.89,3360,0,0,0,0
TXN101150,40.77,transfer,15,6.32,2.29,2950,2,0,0,0
TXN101151,85.85,transfer,12,3.62,3.0,3253,2,0,0,0
TXN101152,83.97,purchase,18,2.23,4.73,677,3,0,0,0
TXN101153,130.65,withdrawal,7,2.97,1.0,1234,3,0,0,0
TXN101154,59.72,purchase,12,4.24,1.34,2295,0,0,0,0
TXN101155,48.11,purchase,16,12.31,1.9,2847,2,0,0,0
TXN101156,93.73,withdrawal,14,3.18,6.56,3065,0,0,0,0
TXN101157,43.92,refund,14,15.83,4.2,3413,1,0,0,0
TXN101158,46.99,transfer,16,6.7,3.85,597,1,0,0,0
TXN101159,137.75,purchase,18,7.67,2.44,2110,3,0,0,0
TXN101160,76.23,withdrawal,15,3.57,5.43,1754,0,0,0,0
TXN101161,205.78,transfer,19,2.25,15.48,366,2,0,0,0
TXN101162,78.04,purchase,17,3.6,0.96,828,2,0,0,0
TXN101163,85.22,transfer,20,6.73,4.93,2613,1,0,0,0
TXN101164,38.7,transfer,12,0.07,12.28,1913,2,0,0,0
TXN101165,50.54,online,11,31.97,0.05,3419,0,0,0,0
TXN101166,149.93,purchase,8,14.17,0.16,1090,4,0,0,0
TXN101167,101.02,purchase,18,2.42,5.51,2392,4,0,0,0
TXN101168,81.66,purchase,16,12.36,0.68,1826,6,0,0,0
TXN101169,129.36,transfer,23,1.51,4.96,1995,2,0,0,0
TXN101170,472.99,withdrawal,0,218.15,60.64,146,5,1,1,1
TXN101171,278.18,withdrawal,15,16.18,13.69,1606,1,0,0,0
TXN101172,17.18,withdrawal,13,2.63,2.15,3526,2,0,0,0
TXN101173,29.6,purchase,19,7.0,2.52,2770,3,0,0,0
TXN101174,69.4,purchase,14,5.26,18.24,673,2,0,0,0
TXN101175,79.1,online,11,3.41,2.98,428,0,0,0,0
TXN101176,6.95,withdrawal,9,3.43,11.45,391,1,1,0,0
TXN101177,933.82,purchase,0,1856.01,116.77,257,10,1,1,1
TXN101178,87.03,purchase,18,8.75,11.7,641,3,1,0,0
TXN101179,586.63,transfer,2,23.21,365.16,318,12,0,0,1
TXN101180,215.42,transfer,15,0.08,0.44,2607,0,0,0,0
TXN101181,205.12,online,12,2.27,5.7,441,1,0,0,0
TXN101182,43.38,purchase,5,10.48,28.31,3207,2,0,0,0
TXN101183,53.18,refund,12,9.33,5.9,3189,1,0,1,0
TXN101184,304.12,online,5,53.64,197.4,396,9,1,0,1
TXN101185,70.76,purchase,17,6.08,2.54,2396,1,1,0,0
TXN101186,721.8,online,22,239.36,258.65,130,7,0,0,1
TXN101187,58.76,online,8,1.65,5.54,272,2,0,1,0
TXN101188,102.4,withdrawal,9,1.69,2.27,564,2,0,0,0
TXN101189,51.84,refund,3,173.83,188.77,61,12,0,1,1
TXN101190,65.85,purchase,12,4.81,2.56,940,2,0,0,0
TXN101191,77.79,withdrawal,14,1.06,9.01,911,2,0,0,0
TXN101192,181.75,purchase,11,0.45,1.97,2792,0,0,0,0
TXN101193,3.39,purchase,6,3.61,2.24,1325,6,0,0,0
TXN101194,120.91,online,16,0.7,0.93,3403,2,0,0,0
TXN101195,14.62,online,9,0.01,13.56,2893,3,0,0,0
TXN101196,79.59,transfer,19,4.25,1.92,562,1,0,0,0
TXN101197,66.78,online,1,5.06,2.24,3362,2,0,0,0
TXN101198,118.55,refund,19,2.21,6.03,3021,2,0,1,0
TXN101199,81.61,online,18,0.39,3.02,3520,2,1,0,0
TXN101200,115.53,online,19,4.23,2.57,3159,3,0,0,0
TXN101201,223.95,online,18,0.93,23.39,2276,5,0,0,0
TXN101202,43.25,online,7,4.85,16.97,2868,0,0,0,0
TXN101203,138.89,transfer,20,1.71,0.56,1088,1,0,0,0
TXN101204,199.03,online,8,6.94,7.87,673,4,0,0,0
TXN101205,12.43,online,9,1.28,9.46,3357,4,0,0,0
TXN101206,106.02,transfer,14,5.23,4.78,574,1,0,1,0
TXN101207,97.11,transfer,13,9.79,5.56,3205,5,0,0,0
TXN101208,240.49,transfer,19,2.4,8.77,1095,0,0,0,0
TXN101209,62.63,purchase,10,1.96,1.93,2658,4,0,0,0
TXN101210,69.33,withdrawal,10,0.71,8.4,2954,4,0,0,0
TXN101211,136.92,online,7,7.15,8.45,476,1,0,0,0
TXN101212,106.5,refund,18,21.87,1.72,1697,1,0,0,0
TXN101213,83.85,online,20,2.38,9.69,3206,2,0,0,0
TXN101214,4.37,purchase,14,8.21,5.66,2744,1,0,0,0
TXN101215,100.66,purchase,16,2.47,0.97,782,1,0,0,0
TXN101216,378.28,transfer,5,130.76,73.0,13,9,1,1,1
TXN101217,27.57,purchase,17,17.15,7.62,731,3,0,0,0
TXN101218,124.65,transfer,22,1021.17,260.72,46,6,1,0,1
TXN101219,236.24,transfer,14,1.59,3.7,113,3,0,0,0
TXN101220,68.09,purchase,20,18.6,0.02,1106,1,0,0,0
TXN101221,53.33,purchase,19,1.74,3.63,1099,5,0,0,0
TXN101222,61.14,online,13,0.93,4.18,592,1,0,0,0
TXN101223,34.17,transfer,14,12.26,1.68,850,2,0,0,0
TXN101224,86.36,purchase,18,20.09,3.11,191,5,0,0,0
TXN101225,88.18,withdrawal,9,18.91,1.32,2684,0,0,0,0
TXN101226,764.55,purchase,3,557.74,210.39,292,10,0,1,1
TXN101227,235.82,refund,19,0.38,19.71,3131,1,0,0,0
TXN101228,6.91,transfer,7,19.69,3.59,2015,0,0,0,0
TXN101229,64.11,online,17,0.79,0.97,901,2,0,0,0
TXN101230,139.24,online,16,3.34,4.23,902,1,0,0,0
TXN101231,89.95,withdrawal,14,3.25,12.1,317,0,0,1,0
TXN101232,136.4,transfer,10,7.92,4.54,1367,0,0,0,0
TXN101233,113.77,online,6,6.27,11.15,1087,2,0,0,0
TXN101234,40.25,purchase,23,7.36,2.5,3545,2,0,0,0
TXN101235,54.26,purchase,7,5.86,1.36,364,1,0,0,0
TXN101236,96.62,online,15,15.15,0.51,514,2,0,0,0
TXN101237,64.89,online,13,6.85,7.42,57,2,0,0,0
TXN101238,86.36,purchase,9,4.99,10.85,629,1,0,0,0
TXN101239,84.29,purchase,15,10.49,2.04,3208,4,0,0,0
TXN101240,169.2,online,15,0.82,6.04,82,1,0,0,0
TXN101241,656.96,purchase,1,73.89,260.8,47,6,1,0,1
TXN101242,78.0,transfer,18,11.7,25.51,232,2,0,0,0
TXN101243,690.96,online,5,141.0,189.14,267,5,1,1,1
TXN101244,44.92,online,11,5.05,5.37,1962,2,0,0,0
TXN101245,202.09,online,11,5.94,0.15,235,4,0,0,0
TXN101246,70.85,withdrawal,20,0.22,5.74,3198,2,0,0,0
TXN101247,116.07,withdrawal,11,15.48,4.04,89,0,0,0,0
TXN101248,139.08,purchase,16,3.19,1.87,3628,3,0,0,0
TXN101249,65.13,withdrawal,10,5.07,1.9,2372,7,0,0,0
TXN101250,57.16,purchase,3,2.72,0.73,3504,1,0,1,0
TXN101251,293.72,transfer,3,37.69,315.93,234,5,0,1,1
TXN101252,42.51,withdrawal,8,1.26,6.96,3254,0,1,0,0
TXN101253,856.59,purchase,2,133.29,236.59,388,7,1,0,1
TXN101254,142.0,online,13,2.38,3.92,1537,0,0,0,0
TXN101255,353.52,purchase,8,5.37,1.32,3222,0,0,0,0
TXN101256,121.17,purchase,14,1.71,7.76,1352,3,0,0,0
TXN101257,61.02,withdrawal,18,12.06,0.46,1638,6,0,1,0
TXN101258,98.44,online,15,4.43,6.88,2852,1,0,0,0
TXN101259,72.95,purchase,13,10.3,14.67,205,3,0,0,0
TXN101260,21.55,purchase,19,1.36,12.75,54,5,0,0,0
TXN101261,46.1,transfer,23,2.6,2.07,2557,1,0,0,0
TXN101262,151.71,withdrawal,14,5.13,10.17,1918,5,0,0,0
TXN101263,100.84,purchase,19,2.58,1.26,3386,1,0,0,0
TXN101264,32.31,transfer,13,1.75,0.61,229,3,0,0,0
TXN101265,34.26,purchase,14,11.36,4.67,757,2,0,0,0
TXN101266,203.45,purchase,12,10.16,3.28,1672,4,0,0,0
TXN101267,220.74,purchase,11,8.27,6.39,3092,2,1,0,0
TXN101268,97.25,refund,6,10.84,4.87,738,2,0,0,0
TXN101269,155.95,purchase,6,3.35,1.53,2490,3,0,0,0
TXN101270,35.82,withdrawal,16,5.21,0.55,1390,2,0,0,0
TXN101271,49.69,withdrawal,13,18.16,4.45,2158,0,0,0,0
TXN101272,48.21,online,10,1.85,10.5,602,2,0,1,0
TXN101273,93.92,online,16,7.6,6.95,1195,2,1,1,0
TXN101274,249.86,online,19,1.63,3.75,2088,1,0,0,0
TXN101275,73.31,withdrawal,14,31.43,3.21,1731,1,0,0,0
TXN101276,61.89,withdrawal,20,2.14,2.25,1906,1,0,0,0
TXN101277,43.16,withdrawal,16,3.19,0.24,3006,4,0,0,0
TXN101278,36.99,online,13,21.97,21.63,2971,1,0,0,0
TXN101279,251.02,transfer,21,5.67,0.41,1514,2,0,0,0
TXN101280,235.02,purchase,13,6.21,3.23,1050,3,0,0,0
TXN101281,49.68,online,14,2.68,3.54,2428,2,0,0,0
TXN101282,130.35,purchase,13,23.23,7.32,3284,1,1,0,0
TXN101283,594.81,transfer,22,121.27,340.14,42,4,1,1,1
TXN101284,19.78,online,12,1.86,10.73,853,1,0,0,0
TXN101285,90.06,purchase,15,2.84,6.71,3584,2,0,0,0
TXN101286,87.16,withdrawal,13,2.82,12.94,2450,1,0,0,0
TXN101287,68.75,purchase,7,7.15,0.59,1724,2,0,0,0
TXN101288,63.27,online,9,4.19,0.18,780,3,0,0,0
TXN101289,95.28,purchase,17,8.92,15.08,2119,3,0,0,0
TXN101290,108.02,purchase,12,2.07,1.13,1864,2,0,0,0
TXN101291,86.85,transfer,9,0.14,13.44,1345,2,0,0,0
TXN101292,313.2,transfer,16,34.38,3.7,48,1,0,0,0
TXN101293,117.03,purchase,13,0.8,11.66,1704,1,0,0,0
TXN101294,78.49,withdrawal,13,18.2,9.95,390,2,0,0,0
TXN101295,153.91,transfer,13,6.08,10.54,1789,3,0,0,0
TXN101296,110.27,purchase,8,6.0,15.66,264,3,0,0,0
TXN101297,49.49,online,11,1.34,6.66,3332,0,0,0,0
TXN101298,19.35,transfer,11,14.06,4.9,2098,4,0,0,0
TXN101299,90.15,purchase,8,4.44,4.15,3340,1,0,0,0
TXN101300,188.81,purchase,14,7.27,1.52,3203,4,0,0,0
TXN101301,82.19,online,19,3.26,6.67,2598,4,0,0,0
TXN101302,119.1,purchase,12,7.76,5.76,1931,1,0,0,0
TXN101303,634.6,transfer,3,1086.81,11.7,81,7,1,1,1
TXN101304,19.37,withdrawal,8,3.05,19.51,2451,0,0,1,0
TXN101305,54.47,withdrawal,15,7.16,1.01,2443,1,0,0,0
TXN101306,66.09,purchase,5,6.93,3.83,3497,3,0,0,0
TXN101307,205.61,purchase,17,2.97,0.35,3524,0,0,0,0
TXN101308,95.82,withdrawal,13,3.72,2.63,1080,1,1,0,0
TXN101309,239.6,online,4,1307.41,356.1,85,8,1,1,1
TXN101310,125.0,transfer,15,7.59,1.41,1614,0,0,1,0
TXN101311,52.64,purchase,12,0.35,17.39,2457,1,0,0,0
TXN101312,81.07,online,10,17.53,6.0,3624,3,0,0,0
TXN101313,114.9,online,14,13.49,0.09,2803,4,0,0,0
TXN101314,102.73,withdrawal,9,8.5,2.18,1345,1,0,0,0
TXN101315,22.0,purchase,18,4.91,2.88,3090,2,0,0,0
TXN101316,87.54,purchase,16,0.64,3.64,2085,1,0,0,0
TXN101317,57.8,purchase,15,12.9,0.19,1491,2,0,0,0
TXN101318,17.6,purchase,8,6.2,15.01,875,2,0,0,0
TXN101319,211.47,refund,8,7.62,14.18,42,2,0,0,0
TXN101320,133.65,transfer,10,3.33,13.3,100,2,0,1,0
TXN101321,21.02,purchase,19,5.9,0.44,2976,3,0,0,0
TXN101322,97.21,withdrawal,13,6.03,17.82,857,4,0,0,0
TXN101323,170.63,withdrawal,21,4.7,0.09,1782,3,0,0,0
TXN101324,578.28,online,5,172.44,96.6,270,7,0,1,1
TXN101325,71.51,purchase,6,6.94,3.54,2123,4,0,0,0
TXN101326,28.93,transfer,14,1.03,8.65,3504,1,0,0,0
TXN101327,7.51,purchase,9,0.21,1.02,2778,1,0,1,0
TXN101328,15.92,withdrawal,10,1.91,0.48,1295,2,0,0,0
TXN101329,115.04,online,6,2.18,8.14,144,3,0,0,0
TXN101330,129.6,online,18,23.6,7.87,298,1,0,0,0
TXN101331,10.07,purchase,2,5.76,4.81,292,1,0,0,0
TXN101332,23.18,refund,19,25.09,0.85,1218,2,0,0,0
TXN101333,352.42,withdrawal,3,181.75,260.97,173,7,1,0,1
TXN101334,110.56,purchase,15,4.67,17.43,2544,3,0,0,0
TXN101335,31.99,purchase,5,2.06,0.27,392,2,0,0,0
TXN101336,184.06,purchase,14,1.92,3.82,1286,3,0,0,0
TXN101337,64.59,transfer,14,17.58,11.07,1054,0,0,0,0
TXN101338,165.74,online,11,0.88,0.09,30,1,0,0,0
TXN101339,19.39,online,15,16.83,8.08,2980,3,1,0,0
TXN101340,106.94,online,9,3.95,13.64,2625,0,0,0,0
TXN101341,52.48,transfer,13,7.65,3.53,2515,3,0,0,0
TXN101342,166.57,transfer,16,10.18,5.73,2489,3,0,0,0
TXN101343,16.17,purchase,6,4.48,3.19,832,1,0,0,0
TXN101344,1121.85,transfer,4,321.09,1.99,395,4,0,0,1
TXN101345,111.42,transfer,20,7.71,4.85,2462,3,0,0,0
TXN101346,59.29,withdrawal,17,2.29,11.31,590,2,0,0,0
TXN101347,43.81,purchase,9,4.61,0.48,1672,2,0,0,0
TXN101348,144.19,purchase,17,3.6,0.68,2439,4,0,0,0
TXN101349,146.45,online,14,0.4,2.22,1116,1,0,0,0
TXN101350,73.11,purchase,15,4.25,12.77,1504,2,0,0,0
TXN101351,92.69,purchase,17,11.49,0.24,3361,2,0,0,0
TXN101352,69.65,purchase,15,8.62,16.86,924,1,0,0,0
TXN101353,215.82,withdrawal,10,7.21,4.55,1512,1,1,0,0
TXN101354,39.87,online,17,3.53,4.58,1497,1,0,0,0
TXN101355,248.04,online,9,0.2,6.57,2402,0,0,0,0
TXN101356,41.52,withdrawal,11,4.0,0.05,2635,1,0,0,0
TXN101357,114.6,withdrawal,11,0.47,7.31,287,3,0,0,0
TXN101358,27.52,online,18,6.71,12.13,2663,4,0,0,0
TXN101359,113.27,purchase,12,0.37,0.03,286,2,0,0,0
TXN101360,59.45,withdrawal,12,7.07,11.91,1128,3,0,0,0
TXN101361,127.07,purchase,14,9.2,0.45,3413,3,1,0,0
TXN101362,70.0,transfer,14,7.69,3.74,3154,0,0,1,0
TXN101363,601.54,transfer,23,1045.6,214.29,295,11,1,1,1
TXN101364,133.46,purchase,10,1.29,2.4,3508,2,0,0,0
TXN101365,131.25,online,14,3.06,2.41,2380,0,0,0,0
TXN101366,25.97,withdrawal,20,5.64,4.05,423,3,0,0,0
TXN101367,136.25,refund,12,30.43,8.52,3533,1,0,1,0
TXN101368,62.8,purchase,18,1.4,2.5,1539,1,0,0,0
TXN101369,79.59,online,20,17.32,3.99,774,2,0,0,0
TXN101370,131.03,withdrawal,7,4.7,3.07,532,2,0,0,0
TXN101371,81.54,purchase,9,6.49,1.31,1317,1,0,0,0
TXN101372,27.31,online,13,1.84,4.72,3141,2,0,0,0
TXN101373,50.11,transfer,13,7.39,1.89,1851,0,1,0,0
TXN101374,43.72,purchase,12,25.94,10.92,1910,3,0,0,0
TXN101375,156.87,purchase,8,5.26,3.91,3428,2,0,0,0
TXN101376,72.77,purchase,16,3.33,7.75,552,1,0,0,0
TXN101377,113.73,purchase,11,6.42,0.77,2876,2,1,0,0
TXN101378,186.45,purchase,10,4.03,10.25,3636,1,0,0,0
TXN101379,115.86,purchase,10,4.46,9.01,1888,1,0,0,0
TXN101380,102.01,withdrawal,8,17.73,5.12,2254,3,0,0,0
TXN101381,59.89,online,12,1.15,11.29,1431,3,0,1,0
TXN101382,46.47,purchase,9,25.7,13.45,2771,2,0,0,0
TXN101383,65.24,purchase,20,10.7,0.13,2043,2,0,1,0
TXN101384,67.24,purchase,13,4.49,8.19,2621,0,0,0,0
TXN101385,484.49,online,23,381.89,143.64,195,9,1,1,1
TXN101386,109.66,purchase,14,21.88,2.65,3216,0,0,0,0
TXN101387,77.67,purchase,19,24.21,6.51,3646,1,0,0,0
TXN101388,1160.34,withdrawal,0,291.3,313.47,313,8,1,0,1
TXN101389,165.53,transfer,7,0.58,17.34,2855,4,0,1,0
TXN101390,536.65,transfer,2,541.99,164.88,392,9,0,1,1
TXN101391,31.18,online,19,4.24,0.01,3596,1,0,0,0
TXN101392,144.95,online,9,12.78,0.78,2862,1,0,0,0
TXN101393,68.15,purchase,8,9.96,7.74,1301,2,1,0,0
TXN101394,116.36,online,9,0.01,31.53,2530,0,0,0,0
TXN101395,273.51,withdrawal,12,1.88,7.58,1997,2,0,1,0
TXN101396,1.43,transfer,12,5.92,5.69,1337,2,0,0,0
TXN101397,80.84,refund,13,2.23,2.49,978,0,1,0,0
TXN101398,79.73,purchase,5,16.09,2.29,2752,0,0,1,0
TXN101399,614.12,withdrawal,2,611.6,16.17,277,5,1,0,1
TXN101400,24.71,purchase,20,1.8,16.46,1604,1,0,0,0
TXN101401,40.97,purchase,19,5.05,1.25,3306,2,0,1,0
TXN101402,117.07,purchase,12,3.75,1.17,3489,2,0,0,0
TXN101403,53.75,online,10,27.76,1.11,2370,1,0,0,0
TXN101404,43.2,online,23,24.47,4.05,2000,3,1,0,0
TXN101405,103.31,online,11,3.97,0.27,1172,2,1,0,0
TXN101406,189.45,transfer,16,0.97,14.02,56,3,0,0,0
TXN101407,75.2,online,16,18.28,3.77,2732,1,0,0,0
TXN101408,89.42,purchase,13,3.81,10.44,2300,1,0,0,0
TXN101409,53.7,online,12,1.51,16.39,2034,5,0,0,0
TXN101410,58.61,purchase,7,8.86,1.57,150,2,0,0,0
TXN101411,22.52,online,14,3.17,4.52,1499,1,0,0,0
TXN101412,29.94,purchase,12,0.7,7.54,2695,0,0,0,0
TXN101413,37.11,purchase,14,2.35,1.89,3193,1,0,0,0
TXN101414,85.81,online,9,4.2,5.15,624,1,0,0,0
TXN101415,126.93,withdrawal,22,0.1,5.91,1252,0,0,0,0
TXN101416,34.08,online,19,4.39,5.75,1080,3,0,0,0
TXN101417,62.07,purchase,9,1.48,0.71,2893,1,0,0,0
TXN101418,86.98,purchase,10,0.93,0.4,1356,4,0,0,0
TXN101419,220.63,online,12,16.68,0.04,518,3,0,0,0
TXN101420,105.94,online,15,10.74,10.24,2689,0,1,0,0
TXN101421,94.31,online,10,8.7,1.49,80,1,0,0,0
TXN101422,67.04,purchase,12,11.91,0.33,2304,3,0,0,0
TXN101423,282.14,transfer,23,332.55,160.65,233,7,0,1,1
TXN101424,107.94,purchase,13,3.94,3.3,1985,2,0,0,0
TXN101425,10.07,purchase,18,3.64,1.96,260,2,0,0,0
TXN101426,154.72,transfer,15,20.26,0.53,3499,1,0,0,0
TXN101427,9.0,transfer,12,0.97,29.32,358,1,0,0,0
TXN101428,48.25,withdrawal,17,1.12,9.64,3576,5,0,0,0
TXN101429,59.83,online,8,0.65,0.58,584,3,0,0,0
TXN101430,92.47,refund,13,3.39,25.08,3596,1,0,0,0
TXN101431,93.61,purchase,13,0.47,1.55,852,1,0,0,0
TXN101432,8.25,purchase,12,3.06,7.68,1390,5,0,0,0
TXN101433,31.11,withdrawal,9,1.79,2.98,2833,1,1,0,0
TXN101434,24.95,withdrawal,23,23.1,4.49,1396,3,0,0,0
TXN101435,16.44,online,9,7.19,0.56,3531,4,0,0,0
TXN101436,90.49,online,10,4.29,0.43,1421,0,0,0,0
TXN101437,87.38,withdrawal,15,6.69,5.26,1273,4,0,0,0
TXN101438,100.57,purchase,19,11.97,22.22,291,2,0,0,0
TXN101439,50.53,purchase,7,6.16,0.58,1464,0,0,0,0
TXN101440,85.43,online,13,6.99,5.06,2162,2,0,0,0
TXN101441,37.33,withdrawal,14,17.6,2.35,3606,1,0,1,0
TXN101442,62.99,purchase,18,8.27,0.98,65,0,0,0,0
TXN101443,101.67,online,11,6.54,1.17,1616,2,0,0,0
TXN101444,28.84,withdrawal,17,16.32,4.39,3490,7,0,0,0
TXN101445,84.96,transfer,9,2.67,8.67,2869,3,0,0,0
TXN101446,111.02,online,10,8.41,15.06,1451,1,0,0,0
TXN101447,60.75,transfer,14,16.16,2.8,3069,1,0,0,0
TXN101448,53.65,transfer,19,2.68,7.84,1449,7,0,0,0
TXN101449,39.96,purchase,10,7.7,0.35,3403,2,0,0,0
TXN101450,61.08,transfer,15,0.07,6.95,161,2,0,0,0
TXN101451,358.99,transfer,2,416.64,41.81,158,9,1,1,1
TXN101452,520.77,withdrawal,23,2182.26,267.26,239,7,1,1,1
TXN101453,60.3,purchase,17,4.54,10.04,850,3,0,0,0
TXN101454,45.72,purchase,15,0.27,6.26,1097,2,0,0,0
TXN101455,154.33,transfer,23,0.78,1.33,1333,2,0,0,0
TXN101456,18.63,transfer,19,5.0,3.52,737,2,0,0,0
TXN101457,44.59,purchase,12,3.3,5.02,495,1,0,0,0
TXN101458,51.13,withdrawal,16,8.69,6.53,2043,1,0,0,0
TXN101459,82.87,online,20,6.4,3.16,936,2,0,0,0
TXN101460,58.43,online,12,5.36,0.14,3402,1,1,0,0
TXN101461,28.5,purchase,17,1.54,5.23,2832,7,0,0,0
TXN101462,79.54,purchase,19,6.32,2.31,742,2,0,0,0
TXN101463,147.12,transfer,10,5.06,1.97,2762,5,1,0,0
TXN101464,77.7,online,11,6.25,1.97,1861,0,0,0,0
TXN101465,72.94,transfer,15,14.08,4.06,3050,2,0,1,0
TXN101466,151.36,purchase,6,10.47,4.2,1542,0,0,0,0
TXN101467,54.83,purchase,13,0.23,15.88,1621,3,0,0,0
TXN101468,64.72,transfer,11,0.7,2.83,46,1,0,0,0
TXN101469,60.0,purchase,14,2.11,4.24,3056,0,0,0,0
TXN101470,114.63,withdrawal,13,8.15,4.17,3497,1,0,0,0
TXN101471,65.32,online,15,17.54,1.77,2602,3,0,0,0
TXN101472,74.47,withdrawal,17,11.64,3.02,3351,2,0,0,0
TXN101473,58.5,transfer,20,10.17,0.12,2286,4,0,0,0
TXN101474,35.58,purchase,13,8.89,0.93,901,3,0,0,0
TXN101475,105.5,online,11,4.46,0.46,3639,2,1,0,0
TXN101476,44.29,purchase,11,9.49,2.68,744,2,0,0,0
TXN101477,91.42,refund,10,4.19,1.2,1387,5,0,1,0
TXN101478,78.08,transfer,19,20.85,1.94,2639,0,0,0,0
TXN101479,120.72,transfer,10,3.03,0.89,3306,3,0,0,0
TXN101480,260.52,purchase,13,5.83,4.23,918,0,0,0,0
TXN101481,180.52,withdrawal,17,12.75,2.9,2534,2,0,0,0
TXN101482,7.98,purchase,17,1.98,13.89,2724,3,0,0,0
TXN101483,27.34,refund,11,1.88,0.01,1672,1,0,0,0
TXN101484,78.64,withdrawal,16,1.43,8.45,1347,1,0,0,0
TXN101485,29.78,withdrawal,12,2.88,14.17,92,5,0,1,0
TXN101486,45.03,online,10,5.5,8.76,1795,2,0,0,0
TXN101487,18.82,transfer,17,9.35,1.6,712,2,0,0,0
TXN101488,61.83,online,12,14.35,0.78,1887,3,0,0,0
TXN101489,56.13,withdrawal,10,15.67,7.49,3637,2,0,0,0
TXN101490,154.65,purchase,4,178.09,89.16,294,14,1,1,1
TXN101491,53.12,online,14,13.42,6.42,1393,4,0,0,0
TXN101492,74.8,online,12,0.72,3.96,1856,2,0,0,0
TXN101493,18.75,transfer,13,6.55,0.13,1664,0,0,0,0
TXN101494,547.66,transfer,0,374.93,182.82,372,9,1,0,1
TXN101495,179.16,purchase,4,9.19,3.28,1679,1,1,0,0
TXN101496,50.08,transfer,7,2.55,8.35,3163,2,0,1,0
TXN101497,191.49,purchase,17,0.58,0.91,3378,2,0,0,0
TXN101498,18.99,purchase,15,3.23,4.99,141,3,0,0,0
TXN101499,37.91,purchase,14,13.06,3.47,329,2,0,0,0
TXN101500,95.77,purchase,10,0.09,6.7,3018,2,0,0,0
TXN101501,69.94,refund,15,9.97,0.07,3051,1,0,0,0
TXN101502,122.0,withdrawal,10,2.42,5.3,3173,0,0,0,0
TXN101503,57.07,purchase,11,0.43,6.52,2827,1,0,0,0
TXN101504,36.9,purchase,14,4.0,15.89,2226,3,0,1,0
TXN101505,181.29,online,3,2082.09,558.89,191,6,1,1,1
TXN101506,47.54,transfer,10,12.22,4.68,207,5,0,0,0
TXN101507,50.19,withdrawal,14,15.54,1.82,3103,4,0,0,0
TXN101508,284.83,online,1,301.0,105.28,181,16,0,1,1
TXN101509,215.1,purchase,12,7.27,10.56,2581,1,0,0,0
TXN101510,59.89,purchase,10,29.8,0.44,2275,2,0,0,0
TXN101511,42.2,online,12,1.66,0.89,2232,1,0,0,0
TXN101512,177.04,purchase,13,1.42,2.64,2047,3,0,0,0
TXN101513,83.65,purchase,15,6.1,3.27,3522,0,1,0,0
TXN101514,52.08,online,11,4.42,6.09,2261,3,0,0,0
TXN101515,62.95,transfer,10,1.74,2.33,1399,1,1,0,0
TXN101516,253.74,withdrawal,18,9.57,2.46,1212,3,0,0,0
TXN101517,144.73,purchase,14,8.53,10.99,3237,7,0,0,0
TXN101518,55.51,withdrawal,15,17.97,4.73,2730,3,0,1,0
TXN101519,136.84,purchase,16,6.58,5.38,347,0,0,0,0
TXN101520,26.63,purchase,12,2.91,0.52,1516,4,0,0,0
TXN101521,194.55,purchase,9,0.25,3.19,2889,2,0,0,0
TXN101522,106.55,transfer,16,11.97,1.68,2093,3,0,0,0
TXN101523,33.37,online,14,1.96,5.86,2751,0,0,0,0
TXN101524,153.26,purchase,12,10.23,6.39,318,1,0,0,0
TXN101525,167.72,purchase,18,13.67,7.68,2696,1,0,0,0
TXN101526,33.9,withdrawal,15,0.67,0.59,3285,1,0,0,0
TXN101527,91.28,transfer,14,22.01,0.4,3418,4,0,1,0
TXN101528,42.89,online,8,3.58,5.98,2852,2,0,0,0
TXN101529,131.92,transfer,16,0.23,4.91,3037,1,0,0,0
TXN101530,194.98,refund,11,31.97,3.99,2395,2,0,0,0
TXN101531,124.23,purchase,22,1.05,1.58,2593,1,0,0,0
TXN101532,169.34,online,2,237.85,144.53,20,7,1,1,1
TXN101533,66.34,refund,13,21.56,7.71,83,2,0,0,0
TXN101534,115.0,transfer,15,10.35,0.27,1764,2,0,0,0
TXN101535,50.25,withdrawal,12,0.91,2.07,1501,2,0,0,0
TXN101536,60.94,purchase,10,16.73,4.25,3377,2,0,0,0
TXN101537,38.57,purchase,12,3.41,4.43,195,2,0,0,0
TXN101538,154.37,purchase,16,9.39,2.48,2452,2,0,0,0
TXN101539,19.56,purchase,10,17.33,3.86,1194,1,0,0,0
TXN101540,108.33,online,20,5.85,0.27,2553,3,0,0,0
TXN101541,53.53,purchase,15,9.44,3.8,2211,0,0,0,0
TXN101542,119.85,purchase,17,7.16,17.86,1251,2,0,0,0
TXN101543,26.39,purchase,16,19.42,0.15,635,0,0,1,0
TXN101544,176.12,purchase,18,5.56,3.92,2738,6,0,0,0
TXN101545,62.2,transfer,23,0.7,4.82,2997,3,0,0,0
TXN101546,43.34,online,14,14.48,1.8,1523,2,0,0,0
TXN101547,37.32,transfer,6,22.32,1.37,1969,2,0,0,0
TXN101548,35.67,purchase,13,15.13,1.26,1560,2,0,0,0
TXN101549,6.36,transfer,12,8.53,1.93,3615,4,0,1,0
TXN101550,421.42,withdrawal,5,415.09,277.76,18,4,1,1,1
TXN101551,190.59,purchase,19,13.47,8.18,2850,3,0,0,0
TXN101552,68.95,transfer,11,5.97,1.98,2565,0,0,0,0
TXN101553,345.83,withdrawal,20,12.26,0.18,986,2,0,0,0
TXN101554,75.42,withdrawal,9,1.06,6.06,2066,0,1,0,0
TXN101555,93.58,purchase,12,2.18,8.26,135,4,0,1,0
TXN101556,68.66,purchase,11,6.25,0.95,2025,3,0,1,0
TXN101557,20.25,online,9,0.43,9.74,1235,2,0,0,0
TXN101558,951.97,online,5,404.15,97.33,109,6,0,0,1
TXN101559,81.92,online,11,1.71,13.52,3478,0,1,0,0
TXN101560,41.02,purchase,10,3.78,4.29,898,2,1,0,0
TXN101561,73.0,purchase,15,6.78,11.23,655,0,1,0,0
TXN101562,107.89,purchase,14,5.0,4.09,3333,0,1,0,0
TXN101563,737.58,purchase,5,116.04,6.79,237,6,1,1,1
TXN101564,52.56,purchase,10,9.6,3.87,46,5,0,0,0
TXN101565,121.86,withdrawal,17,3.15,1.42,1718,0,0,0,0
TXN101566,287.03,purchase,14,0.92,2.99,1805,2,0,0,0
TXN101567,981.47,withdrawal,22,158.73,301.82,17,10,1,1,1
TXN101568,1025.19,online,4,2010.17,132.35,89,8,0,0,1
TXN101569,57.8,transfer,15,1.98,6.26,3393,2,0,0,0
TXN101570,12.2,online,18,1.43,1.52,3511,2,0,1,0
TXN101571,13.06,withdrawal,16,1.65,0.36,1488,4,0,1,0
TXN101572,96.72,online,12,3.21,0.54,1031,1,0,0,0
TXN101573,36.43,withdrawal,9,1.16,1.67,2721,6,0,1,0
TXN101574,73.56,purchase,14,2.8,10.57,3611,0,0,0,0
TXN101575,43.15,purchase,5,1.58,3.15,1472,0,0,0,0
TXN101576,28.55,online,18,1.13,9.64,798,0,0,0,0
TXN101577,85.72,online,15,16.39,4.94,506,3,0,1,0
TXN101578,49.91,purchase,5,3.23,0.92,1829,4,1,0,0
TXN101579,44.26,withdrawal,13,11.28,2.54,2501,0,0,1,0
TXN101580,340.96,online,23,419.93,566.47,62,7,1,0,1
TXN101581,81.63,withdrawal,9,25.72,0.05,3013,8,0,0,0
TXN101582,10.98,transfer,18,2.74,2.75,530,1,0,0,0
TXN101583,58.44,withdrawal,9,4.87,5.58,666,4,0,0,0
TXN101584,244.66,purchase,17,23.79,7.91,699,1,0,0,0
TXN101585,90.45,online,13,1.62,6.84,1441,1,0,0,0
TXN101586,33.0,withdrawal,23,0.62,2.22,1483,1,0,0,0
TXN101587,46.78,refund,9,7.6,3.66,2743,3,0,0,0
TXN101588,64.16,purchase,8,14.49,3.71,3604,1,0,0,0
TXN101589,46.67,online,16,14.76,7.32,925,1,0,0,0
TXN101590,38.57,withdrawal,5,20.91,0.71,701,3,0,0,0
TXN101591,48.11,refund,9,2.13,2.33,2655,1,0,0,0
TXN101592,158.22,online,13,15.47,10.43,1656,1,0,0,0
TXN101593,211.44,withdrawal,12,16.42,6.73,572,3,0,0,0
TXN101594,133.9,purchase,14,1.65,0.81,1385,0,0,0,0
TXN101595,2.07,refund,17,1.18,0.1,2818,2,0,0,0
TXN101596,31.47,refund,12,4.33,0.32,954,2,0,1,0
TXN101597,69.16,purchase,7,0.21,2.95,3521,1,0,0,0
TXN101598,10.17,purchase,12,17.32,3.28,1976,0,1,0,0
TXN101599,168.57,purchase,9,22.77,5.91,1928,2,0,0,0
TXN101600,15.01,online,15,21.36,4.75,478,2,0,0,0
TXN101601,67.69,purchase,13,0.83,11.73,3535,3,1,0,0
TXN101602,56.48,purchase,14,6.96,5.2,3242,4,0,0,0
TXN101603,48.0,purchase,13,10.79,0.65,1882,1,0,0,0
TXN101604,30.54,transfer,12,2.58,9.5,2317,0,0,0,0
TXN101605,124.71,purchase,14,0.53,1.99,1349,2,1,0,0
TXN101606,57.1,withdrawal,15,1.65,0.8,3248,0,0,0,0
TXN101607,22.72,online,14,1.98,1.23,3069,5,0,0,0
TXN101608,79.55,transfer,15,29.69,1.72,2472,1,0,0,0
TXN101609,49.29,purchase,12,14.82,8.93,511,4,0,0,0
TXN101610,156.06,withdrawal,11,8.49,4.79,3351,4,0,0,0
TXN101611,23.27,purchase,14,1.49,1.14,2949,1,0,0,0
TXN101612,77.56,purchase,14,1.1,7.02,2671,2,0,0,0
TXN101613,68.35,purchase,5,43.27,2.58,3085,3,0,0,0
TXN101614,17.18,purchase,9,8.75,8.3,2425,2,0,0,0
TXN101615,163.96,refund,12,1.78,2.25,3275,2,0,0,0
TXN101616,56.79,refund,13,24.7,0.33,1048,2,0,0,0
TXN101617,50.29,online,19,4.58,6.35,1486,2,0,0,0
TXN101618,76.1,withdrawal,17,5.82,0.14,1043,3,1,0,0
TXN101619,10.91,purchase,14,21.69,4.8,2526,1,0,1,0
TXN101620,63.5,purchase,14,0.75,2.51,860,3,0,0,0
TXN101621,1.46,refund,13,12.32,6.59,1340,2,0,1,0
TXN101622,59.14,withdrawal,11,2.88,15.97,218,1,0,0,0
TXN101623,118.14,transfer,13,1.32,8.24,2765,1,0,0,0
TXN101624,157.72,purchase,12,0.78,4.21,2977,3,0,1,0
TXN101625,126.14,online,13,6.63,14.13,3032,2,0,0,0
TXN101626,141.82,purchase,14,5.1,1.5,3258,2,0,0,0
TXN101627,17.72,withdrawal,17,0.78,0.02,1040,0,0,0,0
TXN101628,125.22,purchase,13,2.16,2.18,432,2,0,0,0
TXN101629,50.48,purchase,13,9.13,1.11,809,1,0,0,0
TXN101630,131.77,online,16,9.83,2.43,2547,5,0,0,0
TXN101631,60.5,purchase,16,4.34,7.21,1652,4,0,0,0
TXN101632,186.48,purchase,7,10.97,1.95,1780,2,0,0,0
TXN101633,102.07,purchase,13,1.68,0.84,1387,2,0,0,0
TXN101634,188.46,online,14,20.1,0.4,1808,1,0,0,0
TXN101635,181.34,online,10,5.99,0.3,1904,0,0,0,0
TXN101636,171.55,purchase,13,1.13,6.72,157,0,0,0,0
TXN101637,18.47,withdrawal,11,1.37,1.79,3286,4,0,0,0
TXN101638,36.27,transfer,16,7.59,8.0,2333,3,0,0,0
TXN101639,86.75,online,8,12.92,5.8,1633,3,0,0,0
TXN101640,45.91,refund,9,3.12,7.14,2020,4,0,0,0
TXN101641,7.37,purchase,21,1.11,1.22,1414,3,0,0,0
TXN101642,155.93,purchase,13,8.32,2.7,2347,3,0,0,0
TXN101643,139.46,withdrawal,18,4.92,13.31,1903,3,0,0,0
TXN101644,70.41,purchase,12,0.33,4.2,1089,0,0,1,0
TXN101645,102.56,transfer,14,1.89,1.31,3019,1,0,1,0
TXN101646,23.59,purchase,16,10.49,0.58,1893,1,0,0,0
TXN101647,153.85,purchase,23,631.72,1436.11,91,11,1,1,1
TXN101648,87.92,transfer,15,2.29,1.17,3087,0,0,0,0
TXN101649,19.54,online,19,0.79,0.02,156,4,0,0,0
TXN101650,137.08,purchase,12,48.59,9.69,786,2,0,0,0
TXN101651,304.21,refund,12,9.67,1.07,1237,2,0,0,0
TXN101652,51.35,purchase,13,5.61,18.35,256,4,0,0,0
TXN101653,75.73,purchase,15,2.72,3.49,2386,0,0,0,0
TXN101654,241.81,transfer,13,11.88,2.23,3114,4,0,0,0
TXN101655,51.57,refund,15,0.14,0.56,289,2,0,0,0
TXN101656,137.99,purchase,12,17.45,10.48,41,2,0,0,0
TXN101657,16.07,online,9,0.21,3.64,1147,2,0,0,0
TXN101658,171.45,online,9,8.52,8.3,961,3,0,0,0
TXN101659,196.05,online,12,13.18,2.51,912,0,0,0,0
TXN101660,31.82,online,13,5.93,7.59,1434,3,0,0,0
TXN101661,23.86,purchase,16,0.03,0.9,986,2,0,0,0
TXN101662,100.7,withdrawal,16,7.51,0.2,1013,2,0,0,0
TXN101663,83.61,purchase,14,17.52,5.09,2697,0,0,0,0
TXN101664,59.67,purchase,17,4.08,4.21,290,2,0,0,0
TXN101665,46.28,withdrawal,15,8.51,2.86,1989,0,0,0,0
TXN101666,30.88,online,15,2.05,0.92,2468,2,0,0,0
TXN101667,108.97,purchase,17,1.31,4.99,276,2,0,0,0
TXN101668,101.63,purchase,8,1.95,4.78,1955,0,0,0,0
TXN101669,99.79,transfer,11,4.41,17.86,3323,3,0,0,0
TXN101670,65.97,purchase,18,8.42,0.66,3420,0,0,0,0
TXN101671,44.33,online,14,6.21,3.42,680,2,0,0,0
TXN101672,195.1,purchase,13,2.77,11.4,2628,3,0,0,0
TXN101673,20.6,online,16,2.51,10.77,101,0,0,0,0
TXN101674,96.7,purchase,10,11.74,24.01,2424,2,0,1,0
TXN101675,267.53,transfer,0,71.98,44.22,336,15,0,0,1
TXN101676,251.42,withdrawal,7,3.51,3.61,3517,3,0,0,0
TXN101677,64.94,withdrawal,11,1.18,11.53,2257,2,0,0,0
TXN101678,139.76,purchase,18,3.97,12.86,2065,2,0,0,0
TXN101679,79.31,refund,14,0.28,10.39,118,0,0,0,0
TXN101680,97.0,purchase,7,8.92,5.03,3645,1,0,0,0
TXN101681,55.82,purchase,19,2.89,2.31,1314,1,0,0,0
TXN101682,15.91,purchase,14,4.41,2.09,2934,2,0,0,0
TXN101683,43.56,purchase,8,9.28,2.22,1430,2,0,0,0
TXN101684,55.91,online,14,15.7,1.58,1591,3,0,1,0
TXN101685,50.11,online,17,2.65,7.84,2756,0,0,0,0
TXN101686,79.5,online,8,0.76,3.77,636,3,0,0,0
TXN101687,162.91,refund,13,0.46,2.07,1516,2,0,0,0
TXN101688,69.15,purchase,10,4.17,15.05,447,1,0,0,0
TXN101689,59.17,transfer,12,14.04,7.73,3252,4,0,0,0
TXN101690,42.06,online,17,2.68,7.44,2135,0,0,1,0
TXN101691,190.21,online,1,816.81,244.31,169,8,1,1,1
TXN101692,85.09,withdrawal,13,2.81,5.97,1954,2,0,0,0
TXN101693,70.5,purchase,11,0.84,1.05,1364,4,0,0,0
TXN101694,70.79,online,15,14.86,0.54,3023,3,0,1,0
TXN101695,91.76,withdrawal,7,11.71,4.19,909,1,0,0,0
TXN101696,256.55,withdrawal,15,24.3,18.5,1365,3,0,0,0
TXN101697,537.2,online,22,2.94,31.12,344,7,1,0,1
TXN101698,58.79,online,15,6.91,8.91,731,3,0,0,0
TXN101699,216.63,purchase,12,0.16,5.58,2504,0,0,0,0
TXN101700,199.88,transfer,9,7.86,6.44,2606,3,0,0,0
TXN101701,67.96,online,11,5.32,3.81,3129,2,0,0,0
TXN101702,95.79,transfer,13,5.76,1.81,1296,1,0,1,0
TXN101703,31.1,purchase,16,0.77,3.28,2368,0,0,0,0
TXN101704,163.22,withdrawal,19,17.98,3.14,1212,2,0,0,0
TXN101705,116.0,withdrawal,7,4.66,4.24,2410,3,0,0,0
TXN101706,144.79,purchase,12,5.41,6.27,1929,4,0,0,0
TXN101707,95.91,purchase,15,22.55,14.89,1250,4,1,0,0
TXN101708,46.07,purchase,14,8.3,6.86,3092,2,0,0,0
TXN101709,29.0,purchase,14,1.65,4.15,2665,1,0,0,0
TXN101710,106.03,transfer,9,11.27,0.33,1241,3,0,0,0
TXN101711,32.92,purchase,20,2.39,0.74,2246,0,0,1,0
TXN101712,121.96,transfer,11,4.9,5.5,2340,1,0,0,0
TXN101713,64.65,withdrawal,10,2.17,11.53,771,2,0,0,0
TXN101714,62.87,purchase,10,0.01,1.68,3436,1,0,1,0
TXN101715,126.2,transfer,11,2.96,0.05,384,3,0,0,0
TXN101716,187.61,withdrawal,12,13.12,4.03,1604,4,0,0,0
TXN101717,163.05,purchase,11,14.36,2.9,659,0,0,0,0
TXN101718,37.31,purchase,19,7.06,6.44,827,0,0,1,0
TXN101719,102.43,withdrawal,13,6.17,2.1,3131,1,0,0,0
TXN101720,62.11,purchase,10,5.61,5.74,611,4,0,0,0
TXN101721,43.09,withdrawal,21,3.87,2.33,1657,0,0,1,0
TXN101722,69.02,withdrawal,16,7.8,2.29,3086,0,0,0,0
TXN101723,465.21,withdrawal,9,4.4,4.69,2989,5,0,0,0
TXN101724,93.32,purchase,14,0.89,7.66,1616,2,0,0,0
TXN101725,83.64,withdrawal,6,0.78,2.19,3359,4,0,0,0
TXN101726,101.7,transfer,6,14.38,2.15,629,4,0,0,0
TXN101727,172.39,online,15,5.1,2.41,2639,4,0,0,0
TXN101728,107.31,transfer,8,3.35,2.62,1799,2,0,0,0
TXN101729,49.84,withdrawal,16,1.83,1.14,2507,2,0,0,0
TXN101730,39.88,purchase,16,5.05,4.27,372,2,0,0,0
TXN101731,79.92,withdrawal,21,11.13,0.05,2139,2,0,0,0
TXN101732,49.55,transfer,14,4.09,0.98,1317,3,0,0,0
TXN101733,87.91,purchase,11,16.1,0.81,807,1,0,0,0
TXN101734,16.15,purchase,20,3.85,4.69,3440,7,0,1,0
TXN101735,46.03,online,20,6.44,1.47,1127,3,0,0,0
TXN101736,70.69,withdrawal,14,19.77,3.04,2660,2,0,0,0
TXN101737,120.2,withdrawal,12,3.63,7.57,170,0,0,0,0
TXN101738,53.91,purchase,9,7.18,1.58,2589,4,0,0,0
TXN101739,80.09,withdrawal,11,5.55,0.47,1080,1,0,0,0
TXN101740,64.71,purchase,17,2.38,1.56,1952,6,0,0,0
TXN101741,214.52,purchase,17,2.59,1.01,714,2,0,0,0
TXN101742,72.73,transfer,14,5.82,8.86,329,2,0,0,0
TXN101743,44.79,withdrawal,8,23.58,24.24,548,3,0,0,0
TXN101744,74.46,online,13,9.76,0.24,2513,1,0,0,0
TXN101745,102.53,transfer,18,3.84,4.66,3420,1,1,0,0
TXN101746,23.62,transfer,22,1.6,0.68,517,3,0,0,0
TXN101747,79.86,purchase,14,3.02,3.07,220,1,0,0,0
TXN101748,77.9,purchase,13,7.51,0.47,2706,4,1,0,0
TXN101749,154.97,withdrawal,20,17.0,1.4,1389,2,0,0,0
TXN101750,68.48,purchase,15,3.71,3.78,3553,3,0,0,0
TXN101751,155.89,transfer,17,13.24,13.36,1998,2,1,0,0
TXN101752,87.22,purchase,13,3.4,11.4,1647,3,0,0,0
TXN101753,137.67,transfer,10,7.04,6.34,1710,2,0,0,0
TXN101754,226.78,purchase,12,5.88,1.35,683,1,0,0,0
TXN101755,37.06,purchase,15,1.05,6.11,1928,3,0,0,0
TXN101756,21.48,transfer,13,1.41,5.15,1306,2,0,0,0
TXN101757,62.49,withdrawal,18,3.45,8.7,3160,2,0,0,0
TXN101758,88.86,online,13,5.95,6.49,3217,1,0,0,0
TXN101759,61.39,online,12,8.87,12.68,2192,1,0,0,0
TXN101760,116.44,purchase,11,1.84,3.43,1611,1,0,0,0
TXN101761,119.18,purchase,17,14.47,0.11,1873,0,0,0,0
TXN101762,48.03,purchase,15,7.61,2.33,2320,4,0,0,0
TXN101763,122.89,purchase,10,6.2,4.26,1672,2,0,0,0
TXN101764,184.6,online,14,2.98,0.23,1627,2,0,0,0
TXN101765,23.17,purchase,8,4.21,2.48,1624,2,0,0,0
TXN101766,129.12,online,12,13.17,28.36,2583,2,0,0,0
TXN101767,125.32,online,15,35.83,4.96,3260,4,0,0,0
TXN101768,89.11,transfer,16,0.14,3.35,1993,1,0,0,0
TXN101769,16.84,withdrawal,11,0.94,7.04,2764,4,0,0,0
TXN101770,71.33,online,12,16.23,7.92,1213,2,0,0,0
TXN101771,26.95,online,12,14.31,0.94,2468,3,0,0,0
TXN101772,106.22,transfer,15,0.07,0.23,762,3,0,1,0
TXN101773,51.3,purchase,9,25.43,1.68,2606,3,0,0,0
TXN101774,46.84,refund,13,4.15,8.01,2809,3,0,0,0
TXN101775,93.2,purchase,17,5.9,1.57,2959,0,0,0,0
TXN101776,20.95,purchase,14,2.29,2.34,2901,1,0,0,0
TXN101777,44.74,transfer,15,3.53,1.1,1947,2,0,0,0
TXN101778,53.12,online,11,12.22,2.77,1748,1,0,0,0
TXN101779,56.11,online,12,2.73,1.35,2818,0,0,0,0
TXN101780,51.43,purchase,10,6.13,4.92,2130,1,0,0,0
TXN101781,47.39,online,9,0.01,3.73,755,4,0,0,0
TXN101782,123.36,purchase,9,8.16,1.75,3006,3,0,0,0
TXN101783,77.76,online,12,5.29,1.54,2085,0,0,1,0
TXN101784,42.17,online,13,5.25,6.31,844,3,0,0,0
TXN101785,283.94,online,22,1.44,1.87,1997,3,0,0,0
TXN101786,107.97,withdrawal,15,9.57,0.24,2124,0,0,0,0
TXN101787,115.89,transfer,17,3.16,13.7,1836,3,0,0,0
TXN101788,36.65,purchase,9,25.74,10.71,3330,1,0,1,0
TXN101789,86.72,transfer,9,2.06,0.21,3056,2,0,0,0
TXN101790,39.11,purchase,14,1.14,7.94,3274,3,0,0,0
TXN101791,15.24,online,14,15.52,0.87,2498,3,0,0,0
TXN101792,25.94,online,13,21.99,3.78,1405,4,0,0,0
TXN101793,93.55,purchase,15,15.95,12.76,1171,3,0,0,0
TXN101794,67.18,purchase,20,9.27,11.95,305,2,0,0,0
TXN101795,111.49,purchase,16,0.13,5.43,1519,5,0,0,0
TXN101796,38.4,purchase,11,5.48,2.61,2717,1,0,0,0
TXN101797,13.83,transfer,8,15.47,0.1,567,2,0,1,0
TXN101798,77.93,purchase,18,1.36,3.21,2160,1,0,0,0
TXN101799,194.01,purchase,14,18.01,0.16,877,4,0,0,0
TXN101800,145.54,purchase,6,13.61,1.53,1186,4,1,0,0
TXN101801,121.2,transfer,9,10.65,0.31,3402,5,0,0,0
TXN101802,20.35,purchase,12,1.69,2.56,2109,3,0,0,0
TXN101803,54.47,transfer,17,2.01,4.01,3233,0,0,0,0
TXN101804,156.02,online,10,4.18,10.24,1246,4,0,0,0
TXN101805,258.38,refund,15,10.16,3.35,1084,0,0,0,0
TXN101806,82.35,purchase,18,0.66,1.96,960,2,0,0,0
TXN101807,143.71,purchase,19,18.25,7.71,1041,1,0,0,0
TXN101808,37.16,transfer,10,10.45,0.64,1500,4,0,0,0
TXN101809,124.75,transfer,19,12.84,5.25,1967,0,0,0,0
TXN101810,641.76,purchase,4,167.32,161.83,356,5,1,1,1
TXN101811,212.66,withdrawal,17,1.87,2.49,2035,3,0,0,0
TXN101812,45.45,purchase,9,4.98,6.17,2724,5,0,1,0
TXN101813,170.36,online,11,23.45,10.6,2965,2,0,0,0
TXN101814,133.87,online,11,1.02,6.42,2634,2,0,0,0
TXN101815,53.65,withdrawal,16,3.43,0.75,2472,0,0,0,0
TXN101816,16.06,refund,7,13.34,2.67,263,2,0,0,0
TXN101817,93.25,withdrawal,16,0.64,6.5,2156,5,1,0,0
TXN101818,79.55,purchase,15,7.7,3.93,2820,3,0,0,0
TXN101819,110.17,transfer,14,4.39,5.28,2832,2,0,0,0
TXN101820,71.47,withdrawal,12,0.73,4.87,2197,0,0,1,0
TXN101821,67.58,purchase,7,1.71,15.75,2595,0,0,0,0
TXN101822,155.46,refund,5,0.78,10.01,1378,2,0,0,0
TXN101823,65.7,online,12,2.82,0.86,1366,2,0,0,0
TXN101824,205.88,withdrawal,14,5.86,0.31,3005,2,0,0,0
TXN101825,59.91,online,14,3.81,0.94,1458,2,1,0,0
TXN101826,50.48,online,16,11.3,0.9,233,2,0,1,0
TXN101827,34.0,transfer,7,4.0,6.58,2522,2,0,0,0
TXN101828,244.95,transfer,11,0.11,6.0,2714,1,0,0,0
TXN101829,102.15,withdrawal,7,0.82,2.18,1917,1,0,0,0
TXN101830,9.73,purchase,13,0.6,3.53,178,0,0,1,0
TXN101831,112.98,withdrawal,12,12.26,4.56,3233,1,0,0,0
TXN101832,109.16,online,13,26.42,3.98,2435,3,0,0,0
TXN101833,141.96,purchase,13,9.44,6.24,2486,2,0,0,0
TXN101834,6.14,online,13,16.85,1.27,2458,1,0,0,0
TXN101835,14.89,purchase,9,5.28,2.51,2605,4,0,0,0
TXN101836,30.36,withdrawal,10,10.6,0.04,714,3,0,0,0
TXN101837,50.9,withdrawal,13,16.75,1.1,2642,4,0,1,0
TXN101838,100.98,online,12,9.46,3.7,71,2,0,0,0
TXN101839,127.83,purchase,11,18.11,21.67,88,2,0,0,0
TXN101840,65.29,online,10,1.34,4.36,1539,0,0,0,0
TXN101841,70.57,purchase,10,6.84,20.02,2695,1,0,1,0
TXN101842,48.78,withdrawal,14,5.55,1.15,2256,1,0,0,0
TXN101843,63.86,online,23,1.79,7.43,1852,2,0,0,0
TXN101844,79.13,transfer,9,6.67,6.56,2625,1,0,0,0
TXN101845,136.35,purchase,5,12.1,1.1,2401,2,1,0,0
TXN101846,87.72,purchase,18,10.39,2.08,1742,4,0,0,0
TXN101847,118.11,withdrawal,16,15.52,1.8,254,3,0,0,0
TXN101848,20.17,online,16,14.44,0.09,1415,4,0,0,0
TXN101849,35.06,purchase,11,0.87,0.37,3203,1,0,0,0
TXN101850,116.86,purchase,10,7.47,11.7,991,1,0,0,0
TXN101851,127.54,transfer,12,7.24,4.32,2826,1,0,0,0
TXN101852,97.33,purchase,19,4.11,11.95,1835,1,0,0,0
TXN101853,289.69,purchase,4,173.79,70.06,135,8,1,0,1
TXN101854,92.94,online,15,2.61,0.55,3597,2,0,0,0
TXN101855,72.54,withdrawal,20,15.72,12.19,659,3,0,0,0
TXN101856,47.37,purchase,12,0.15,1.45,584,3,0,0,0
TXN101857,81.88,transfer,10,33.6,35.35,3513,1,0,0,0
TXN101858,197.21,purchase,12,15.86,10.74,2751,3,0,1,0
TXN101859,118.7,purchase,15,2.43,4.6,3642,1,0,0,0
TXN101860,271.54,purchase,19,1.52,3.64,105,0,0,0,0
TXN101861,118.28,purchase,17,16.31,3.91,2585,3,0,0,0
TXN101862,51.34,refund,7,1.74,3.06,1862,3,0,0,0
TXN101863,123.35,online,19,0.61,23.42,2741,3,0,0,0
TXN101864,115.19,withdrawal,18,1.27,9.61,1046,1,0,0,0
TXN101865,50.24,transfer,12,22.29,2.81,110,3,0,0,0
TXN101866,57.61,purchase,5,14.75,4.24,1651,1,0,0,0
TXN101867,150.07,purchase,5,2.55,14.65,1469,1,0,1,0
TXN101868,117.23,purchase,12,2.76,0.24,2582,1,0,0,0
TXN101869,31.27,online,13,19.65,1.02,912,3,0,0,0
TXN101870,145.76,online,12,5.73,0.28,819,1,0,0,0
TXN101871,858.66,purchase,1,866.8,124.75,153,10,0,1,1
TXN101872,38.02,purchase,17,4.83,1.76,3564,0,0,0,0
TXN101873,37.74,purchase,16,16.07,3.96,490,4,0,0,0
TXN101874,88.01,purchase,11,2.86,8.47,899,0,1,0,0
TXN101875,322.76,purchase,22,4.52,3.06,2555,3,0,0,0
TXN101876,112.29,transfer,8,1.7,1.76,1227,3,0,0,0
TXN101877,91.38,transfer,13,4.66,3.1,2543,0,0,0,0
TXN101878,117.25,online,9,0.37,17.7,2462,3,0,0,0
TXN101879,345.83,transfer,1,1951.84,126.13,107,9,0,1,1
TXN101880,15.01,purchase,17,6.1,1.88,2520,0,0,0,0
TXN101881,58.22,online,6,43.32,9.49,2638,1,0,1,0
TXN101882,498.0,transfer,4,1037.51,31.34,264,9,0,1,1
TXN101883,135.85,purchase,15,3.72,1.33,844,1,0,0,0
TXN101884,121.68,online,17,7.37,5.9,1032,2,0,0,0
TXN101885,142.85,purchase,15,7.59,0.35,321,3,0,0,0
TXN101886,246.8,purchase,18,0.87,0.93,1856,5,0,0,0
TXN101887,80.78,purchase,13,17.39,2.57,1990,2,0,0,0
TXN101888,98.19,online,23,1.15,9.26,3493,1,1,0,0
TXN101889,64.85,online,16,5.04,17.92,877,3,0,1,0
TXN101890,106.93,refund,20,2.1,11.78,373,1,1,0,0
TXN101891,37.6,online,19,7.24,5.56,1032,1,0,0,0
TXN101892,188.57,purchase,8,5.54,8.5,3504,6,0,0,0
TXN101893,122.87,online,13,7.32,24.71,3416,4,0,0,0
TXN101894,75.83,refund,15,3.97,5.46,2972,0,0,0,0
TXN101895,124.6,purchase,17,50.55,28.66,2144,2,0,0,0
TXN101896,152.83,purchase,9,11.9,2.87,2177,2,0,0,0
TXN101897,108.79,withdrawal,17,39.59,14.15,59,2,0,0,0
TXN101898,48.77,transfer,16,1.76,22.02,1130,3,0,0,0
TXN101899,544.02,withdrawal,3,322.44,392.17,355,13,1,0,1
TXN101900,156.49,withdrawal,13,16.29,2.75,508,2,0,0,0
TXN101901,23.03,online,18,1.68,2.38,1358,1,0,0,0
TXN101902,409.9,purchase,13,13.13,1.27,1293,6,0,0,0
TXN101903,77.23,online,15,25.74,27.92,1146,2,0,0,0
TXN101904,113.94,transfer,15,5.38,1.79,3168,2,0,0,0
TXN101905,59.3,purchase,8,4.1,7.13,2431,3,0,0,0
TXN101906,132.65,purchase,14,1.83,4.66,1515,3,0,1,0
TXN101907,10.27,purchase,18,0.54,11.62,2054,3,0,0,0
TXN101908,136.02,transfer,10,0.56,6.43,1030,0,0,0,0
TXN101909,221.91,withdrawal,9,1.61,0.62,1856,0,0,1,0
TXN101910,73.6,purchase,14,10.25,2.72,2057,3,0,0,0
TXN101911,44.79,purchase,8,9.96,10.59,1435,3,0,0,0
TXN101912,96.8,purchase,14,21.54,2.37,3611,3,0,0,0
TXN101913,46.02,online,12,1.89,6.28,1068,4,0,0,0
TXN101914,59.85,purchase,22,6.38,17.58,510,1,0,0,0
TXN101915,54.78,purchase,16,8.78,6.15,1777,6,0,0,0
TXN101916,134.27,purchase,20,27.94,2.4,2554,3,0,0,0
TXN101917,124.12,withdrawal,12,24.5,2.12,3567,4,0,1,0
TXN101918,30.6,transfer,19,6.97,1.96,3574,3,0,0,0
TXN101919,85.65,purchase,12,6.76,3.48,687,1,0,0,0
TXN101920,39.44,online,17,13.69,16.25,1085,0,0,0,0
TXN101921,88.79,transfer,18,12.74,0.17,3357,6,0,0,0
TXN101922,213.07,purchase,12,7.84,3.58,1570,4,0,1,0
TXN101923,117.27,transfer,10,14.23,4.48,1869,1,0,0,0
TXN101924,97.31,transfer,16,14.39,3.16,1768,4,0,0,0
TXN101925,97.33,online,13,10.47,6.21,198,2,0,0,0
TXN101926,137.84,refund,20,3.92,16.74,3588,2,0,0,0
TXN101927,102.53,transfer,14,8.38,0.78,1011,2,0,0,0
TXN101928,136.84,purchase,12,0.82,0.74,176,1,0,0,0
TXN101929,99.94,purchase,7,1.63,7.0,208,1,0,1,0
TXN101930,99.11,purchase,13,0.58,1.07,1035,1,0,0,0
TXN101931,83.99,withdrawal,12,5.78,1.55,2768,1,0,0,0
TXN101932,50.53,purchase,5,21.89,0.32,1265,2,0,0,0
TXN101933,126.11,transfer,17,4.8,2.57,2656,1,0,0,0
TXN101934,50.65,purchase,14,0.93,6.28,243,2,0,0,0
TXN101935,184.53,purchase,15,8.96,1.59,828,2,0,0,0
TXN101936,119.14,purchase,8,12.88,0.29,794,5,0,0,0
TXN101937,125.5,online,14,12.38,6.46,1882,1,0,1,0
TXN101938,36.8,withdrawal,17,7.99,10.3,2424,1,1,1,0
TXN101939,116.73,purchase,21,3.0,3.36,3074,2,0,0,0
TXN101940,8.77,transfer,16,20.76,8.95,332,0,1,0,0
TXN101941,101.98,transfer,11,40.15,3.42,1692,2,0,0,0
TXN101942,68.71,purchase,8,1.77,22.99,3489,3,0,0,0
TXN101943,103.85,purchase,11,0.14,10.12,2172,2,0,0,0
TXN101944,112.76,online,22,23.31,5.07,261,2,0,0,0
TXN101945,57.67,withdrawal,13,12.73,0.03,1352,4,0,1,0
TXN101946,79.89,online,14,6.06,6.34,1518,0,0,0,0
TXN101947,25.23,withdrawal,15,5.72,13.35,3330,4,0,1,0
TXN101948,30.44,purchase,15,1.17,0.19,3133,1,0,1,0
TXN101949,36.41,online,14,24.51,1.95,748,1,0,0,0
TXN101950,192.23,purchase,9,25.87,1.35,3225,0,0,0,0
TXN101951,108.37,transfer,17,15.31,6.26,602,2,0,0,0
TXN101952,77.56,purchase,13,16.63,1.04,268,3,0,0,0
TXN101953,26.88,online,13,3.81,6.92,876,2,0,0,0
TXN101954,162.65,withdrawal,19,0.16,5.5,295,5,0,0,0
TXN101955,126.6,refund,19,9.98,0.98,3162,2,0,1,0
TXN101956,307.33,withdrawal,13,4.02,4.18,1971,3,0,0,0
TXN101957,145.4,purchase,8,2.32,4.29,2102,1,0,0,0
TXN101958,267.18,purchase,12,6.13,9.33,1677,1,1,0,0
TXN101959,131.21,purchase,22,60.18,7.97,2611,1,0,0,0
TXN101960,62.6,purchase,12,11.03,2.99,3391,5,0,0,0
TXN101961,555.61,purchase,23,121.66,75.1,116,8,1,1,1
TXN101962,111.46,purchase,10,2.43,1.21,3218,0,0,0,0
TXN101963,148.81,purchase,12,10.91,0.56,1926,0,0,0,0
TXN101964,115.15,online,17,11.88,4.76,3401,2,0,0,0
TXN101965,128.13,purchase,13,0.6,2.48,2300,1,0,0,0
TXN101966,128.9,online,18,20.03,0.43,2868,1,0,0,0
TXN101967,956.68,online,3,133.6,1.88,358,10,1,1,1
TXN101968,171.47,transfer,19,5.03,7.45,1947,2,0,0,0
TXN101969,203.64,transfer,10,5.11,1.3,3111,1,0,0,0
TXN101970,7.52,purchase,16,4.53,3.73,3032,2,0,0,0
TXN101971,158.85,online,18,0.3,3.62,1472,1,0,0,0
TXN101972,39.82,purchase,13,6.67,0.97,1494,0,0,0,0
TXN101973,11.15,transfer,10,3.84,10.67,3317,2,0,0,0
TXN101974,108.42,online,9,1.38,1.73,1555,3,0,0,0
TXN101975,206.02,online,19,4.1,1.41,3224,3,0,0,0
TXN101976,38.13,purchase,20,6.59,4.27,790,1,0,0,0
TXN101977,32.39,transfer,15,0.92,12.75,3315,2,0,0,0
TXN101978,73.68,transfer,17,3.51,5.76,1688,0,0,1,0
TXN101979,57.11,online,16,1.31,2.5,1878,4,0,0,0
TXN101980,122.87,online,14,7.56,0.52,2482,1,0,1,0
TXN101981,149.97,withdrawal,12,19.71,0.98,48,2,0,0,0
TXN101982,79.98,purchase,11,8.48,4.26,437,2,0,0,0
TXN101983,549.97,transfer,23,83.18,699.77,20,9,1,1,1
TXN101984,108.97,purchase,13,3.23,1.02,1811,1,0,0,0
TXN101985,10.75,refund,17,0.64,6.08,2939,3,1,0,0
TXN101986,157.43,purchase,13,7.11,2.52,2970,3,0,0,0
TXN101987,26.42,online,9,1.35,1.25,598,0,0,0,0
TXN101988,147.72,purchase,18,6.42,1.1,629,2,0,0,0
TXN101989,77.66,withdrawal,10,18.09,1.98,1426,2,0,0,0
TXN101990,178.4,purchase,13,0.11,6.41,2735,1,0,0,0
TXN101991,60.91,online,17,3.01,2.41,1011,0,0,0,0
TXN101992,76.57,purchase,19,0.3,6.36,562,3,0,0,0
TXN101993,156.33,withdrawal,6,5.91,8.65,2378,2,0,0,0
TXN101994,56.89,purchase,13,41.63,4.12,3352,0,0,0,0
TXN101995,103.72,online,22,12.2,6.32,2157,1,0,0,0
TXN101996,67.24,purchase,17,1.43,0.16,488,1,0,0,0
TXN101997,89.72,purchase,14,0.28,0.76,1001,1,0,0,0
TXN101998,50.94,refund,11,4.99,2.42,74,2,0,0,0
TXN101999,798.77,withdrawal,2,212.59,170.6,349,15,1,1,1
TXN102000,97.4,purchase,10,10.97,4.52,38,0,0,0,0
TXN102001,62.35,purchase,11,15.99,0.64,2143,3,0,0,0
TXN102002,43.91,online,10,8.16,0.09,638,4,0,0,0
TXN102003,166.75,withdrawal,12,3.89,1.35,196,4,0,0,0
TXN102004,126.31,transfer,12,0.59,3.91,1854,1,1,1,0
TXN102005,86.25,online,16,9.61,0.34,3351,1,0,0,0
TXN102006,72.12,transfer,17,1.66,6.87,2599,0,0,0,0
TXN102007,50.08,purchase,18,4.84,0.49,3342,3,0,0,0
TXN102008,104.73,online,7,14.42,12.62,590,2,0,0,0
TXN102009,47.98,withdrawal,9,2.98,1.76,1228,2,0,0,0
TXN102010,8.0,purchase,15,1.68,6.96,1217,2,0,0,0
TXN102011,276.05,online,0,246.01,258.19,396,8,0,1,1
TXN102012,37.25,transfer,14,26.4,1.77,1227,2,0,0,0
TXN102013,44.18,purchase,16,1.75,9.53,2128,0,0,0,0
TXN102014,91.61,withdrawal,8,4.2,2.51,101,1,0,1,0
TXN102015,57.56,online,23,14.45,7.63,3357,1,0,0,0
TXN102016,35.61,purchase,13,11.19,15.83,1848,2,0,1,0
TXN102017,191.28,purchase,17,8.37,9.5,3361,3,0,1,0
TXN102018,154.41,transfer,17,4.09,12.68,3469,3,0,0,0
TXN102019,33.49,purchase,12,0.64,7.57,1449,1,0,0,0
TXN102020,109.96,online,14,0.29,1.83,1784,3,0,1,0
TXN102021,109.08,purchase,10,13.5,1.11,2989,0,0,0,0
TXN102022,70.11,online,15,14.6,4.73,987,1,1,0,0
TXN102023,40.31,withdrawal,16,2.4,17.79,3482,4,0,0,0
TXN102024,105.49,online,5,12.45,16.58,2815,3,0,0,0
TXN102025,93.06,transfer,14,2.07,7.2,2497,0,0,0,0
TXN102026,96.58,online,15,13.43,0.62,2683,0,0,0,0
TXN102027,88.08,purchase,8,0.81,6.91,2569,0,0,0,0
TXN102028,125.56,online,17,5.69,5.96,1675,0,0,1,0
TXN102029,18.19,withdrawal,16,1.27,2.14,1991,3,0,0,0
TXN102030,41.37,purchase,16,1.32,0.8,494,1,0,0,0
TXN102031,111.2,refund,13,6.35,4.13,1085,0,0,0,0
TXN102032,35.65,withdrawal,9,2.7,1.9,818,3,0,0,0
TXN102033,351.33,online,1,149.0,52.6,67,10,1,1,1
TXN102034,127.64,purchase,17,16.34,0.23,171,3,0,0,0
TXN102035,433.36,transfer,16,8.49,3.5,3485,2,0,0,0
TXN102036,108.04,online,17,4.07,0.15,3435,2,0,0,0
TXN102037,50.87,purchase,14,6.62,9.92,930,1,0,0,0
TXN102038,74.04,purchase,15,9.23,6.05,756,2,0,0,0
TXN102039,32.28,online,19,4.16,0.31,225,2,0,0,0
TXN102040,43.16,online,17,23.19,0.76,2120,0,0,0,0
TXN102041,107.81,purchase,10,29.18,1.0,205,2,0,0,0
TXN102042,95.39,transfer,18,9.6,2.83,3232,2,0,1,0
TXN102043,78.28,withdrawal,19,1.28,1.46,3229,3,0,0,0
TXN102044,71.42,online,18,2.76,7.55,395,4,0,0,0
TXN102045,31.3,purchase,11,3.62,2.04,3422,1,0,0,0
TXN102046,107.73,transfer,18,10.06,6.77,767,1,0,0,0
TXN102047,21.28,withdrawal,11,7.03,1.32,2490,1,0,0,0
TXN102048,112.34,withdrawal,13,11.38,3.29,1857,1,0,0,0
TXN102049,1258.16,transfer,22,667.14,57.61,66,13,0,0,1
TXN102050,30.21,transfer,11,12.89,1.82,2346,1,0,1,0
TXN102051,85.71,online,13,6.82,5.72,368,1,0,0,0
TXN102052,30.14,purchase,17,5.95,1.38,261,2,0,0,0
TXN102053,149.02,purchase,13,9.33,5.6,1337,1,0,0,0
TXN102054,22.66,purchase,20,10.65,6.94,764,5,0,0,0
TXN102055,93.35,purchase,6,2.66,0.57,3285,1,0,0,0
TXN102056,145.2,transfer,8,9.87,1.18,81,2,0,0,0
TXN102057,139.41,purchase,13,4.89,5.42,973,3,0,0,0
TXN102058,12.49,purchase,15,20.57,9.35,3210,2,0,0,0
TXN102059,64.86,transfer,16,5.23,9.11,2421,0,0,0,0
TXN102060,25.04,transfer,16,0.72,16.09,2931,1,0,0,0
TXN102061,100.75,withdrawal,7,0.43,2.51,408,1,0,0,0
TXN102062,115.7,online,20,0.27,3.51,3063,2,0,0,0
TXN102063,54.39,withdrawal,10,3.52,2.99,3196,3,0,0,0
TXN102064,104.89,online,15,6.82,9.12,258,3,0,0,0
TXN102065,191.69,online,21,3.52,3.26,3077,3,0,1,0
TXN102066,20.83,purchase,12,26.79,1.0,2016,2,0,0,0
TXN102067,143.72,purchase,6,26.58,2.25,486,1,0,0,0
TXN102068,31.31,withdrawal,19,25.49,9.07,2948,2,0,0,0
TXN102069,32.07,online,6,11.38,0.22,878,2,0,0,0
TXN102070,111.2,transfer,15,1.46,0.61,2054,2,0,0,0
TXN102071,89.45,purchase,20,4.74,16.7,307,0,0,0,0
TXN102072,70.24,online,7,1.79,0.59,1788,1,0,1,0
TXN102073,38.48,purchase,16,11.87,2.09,3050,2,0,0,0
TXN102074,227.68,withdrawal,9,16.16,8.18,3071,3,0,0,0
TXN102075,2.06,purchase,17,2.16,3.38,2653,3,1,0,0
TXN102076,55.47,transfer,9,0.4,6.0,1504,4,0,0,0
TXN102077,107.83,online,15,19.38,1.2,833,1,0,0,0
TXN102078,69.69,purchase,17,1.49,22.82,1962,2,0,0,0
TXN102079,39.89,withdrawal,10,4.47,2.77,2610,2,1,0,0
TXN102080,145.59,purchase,15,4.74,0.08,2932,2,0,0,0
TXN102081,89.87,online,15,4.69,16.95,2668,1,0,0,0
TXN102082,157.05,withdrawal,18,6.93,23.22,3525,1,0,0,0
TXN102083,431.11,withdrawal,4,73.56,609.87,301,6,0,0,1
TXN102084,122.35,withdrawal,4,9.49,0.21,1959,1,0,0,0
TXN102085,548.77,online,1,322.0,582.63,145,11,1,1,1
TXN102086,9.19,online,6,13.28,7.96,2465,1,0,0,0
TXN102087,53.58,purchase,8,2.76,3.4,2650,3,0,0,0
TXN102088,53.94,purchase,10,6.24,12.71,1616,3,0,0,0
TXN102089,22.43,purchase,10,1.61,7.84,981,2,0,0,0
TXN102090,44.06,purchase,14,5.49,1.75,1716,0,0,0,0
TXN102091,2005.87,online,2,147.97,87.72,71,8,1,0,1
TXN102092,241.91,purchase,17,7.4,5.8,1522,3,0,0,0
TXN102093,32.16,purchase,16,12.03,2.89,1135,2,0,0,0
TXN102094,373.04,transfer,23,972.69,308.74,36,6,1,1,1
TXN102095,38.47,transfer,13,0.29,10.62,70,0,0,0,0
TXN102096,46.68,withdrawal,16,22.44,5.49,844,1,0,0,0
TXN102097,92.54,purchase,8,0.06,1.39,1992,0,1,1,0
TXN102098,37.98,online,11,1.26,1.45,2970,4,0,0,0
TXN102099,55.53,online,15,0.91,7.83,2905,0,0,0,0
TXN102100,59.66,transfer,12,3.86,3.89,1581,4,0,0,0
TXN102101,75.75,online,14,9.94,2.84,1899,4,0,0,0
TXN102102,122.69,transfer,14,7.06,2.83,449,3,0,0,0
TXN102103,38.82,purchase,8,2.3,18.93,2003,1,0,0,0
TXN102104,45.52,online,13,0.1,4.53,324,1,0,0,0
TXN102105,204.04,transfer,9,5.12,0.04,900,5,1,0,0
TXN102106,371.55,online,23,168.37,164.66,22,10,1,1,1
TXN102107,105.2,withdrawal,19,9.81,2.8,1593,2,0,0,0
TXN102108,60.44,purchase,12,32.1,11.29,2998,2,0,0,0
TXN102109,23.16,transfer,10,4.64,3.07,3476,3,0,0,0
TXN102110,5.93,withdrawal,16,5.09,11.77,2096,1,0,0,0
TXN102111,54.63,online,8,6.55,8.27,1565,3,1,0,0
TXN102112,21.11,withdrawal,12,1.85,21.38,891,1,0,0,0
TXN102113,612.46,online,16,17.42,3.39,572,3,0,0,0
TXN102114,88.09,withdrawal,10,11.73,3.41,1244,4,0,0,0
TXN102115,618.2,withdrawal,23,48.07,415.53,356,8,1,1,1
TXN102116,102.46,withdrawal,18,20.84,2.94,1724,2,0,0,0
TXN102117,172.03,online,12,4.35,0.25,3295,3,0,0,0
TXN102118,193.83,transfer,20,4.46,1.97,2971,1,0,0,0
TXN102119,132.7,purchase,13,2.81,13.5,3636,2,0,0,0
TXN102120,80.14,online,18,4.03,19.56,284,1,0,0,0
TXN102121,71.33,online,16,3.33,3.48,832,2,0,0,0
TXN102122,111.85,online,14,9.41,3.67,2042,5,0,0,0
TXN102123,136.7,online,13,4.82,0.9,3496,1,0,0,0
TXN102124,16.83,purchase,6,4.55,0.07,2604,1,0,0,0
TXN102125,37.63,purchase,9,0.73,2.74,3592,0,0,0,0
TXN102126,32.58,withdrawal,10,3.92,0.84,2027,3,0,0,0
TXN102127,59.3,online,10,8.1,3.23,915,6,0,0,0
TXN102128,91.46,purchase,15,17.64,17.94,62,3,1,0,0
TXN102129,36.19,transfer,17,2.32,20.38,612,1,0,0,0
TXN102130,186.58,transfer,6,9.08,4.68,1294,2,0,0,0
TXN102131,167.82,refund,16,3.88,11.82,1795,3,0,0,0
TXN102132,121.81,online,12,3.37,2.85,2181,3,1,1,0
TXN102133,63.0,purchase,10,4.16,6.59,670,2,0,0,0
TXN102134,32.64,purchase,19,1.5,1.54,209,1,1,0,0
TXN102135,207.36,online,14,1.76,15.33,3267,1,0,0,0
TXN102136,45.1,transfer,9,0.42,2.01,1032,0,1,0,0
TXN102137,75.91,online,21,9.87,4.51,2438,2,0,0,0
TXN102138,63.16,purchase,6,3.75,1.28,2574,2,0,0,0
TXN102139,107.52,purchase,14,6.98,6.17,1080,1,0,0,0
TXN102140,3.93,purchase,16,2.48,0.23,3253,1,0,0,0
TXN102141,62.75,online,14,3.35,0.17,691,1,0,0,0
TXN102142,207.67,purchase,14,28.03,0.29,2481,2,0,0,0
TXN102143,96.66,transfer,17,4.14,0.19,1665,0,0,0,0
TXN102144,145.44,purchase,12,15.2,0.09,108,1,0,0,0
TXN102145,156.1,purchase,13,3.76,3.96,167,1,0,0,0
TXN102146,282.76,purchase,17,1.31,1.78,1841,0,0,0,0
TXN102147,92.51,online,16,6.73,0.18,1515,1,0,0,0
TXN102148,112.34,withdrawal,14,10.02,4.86,3163,2,0,0,0
TXN102149,195.35,online,16,5.17,3.31,376,7,0,0,0
TXN102150,38.51,online,17,2.23,1.93,3020,1,0,0,0
TXN102151,151.61,purchase,20,11.52,4.91,2444,2,0,0,0
TXN102152,34.02,online,15,14.07,3.41,2039,1,0,0,0
TXN102153,105.25,purchase,9,2.06,7.35,2248,2,0,0,0
TXN102154,167.32,purchase,23,7.93,1.32,3226,1,0,1,0
TXN102155,36.53,purchase,15,4.28,9.58,2605,0,0,0,0
TXN102156,62.44,transfer,12,5.94,4.7,2593,3,0,0,0
TXN102157,16.93,purchase,12,1.78,2.49,2049,4,0,0,0
TXN102158,95.77,online,15,1.47,12.3,473,2,0,0,0
TXN102159,31.76,online,20,21.58,0.74,1172,2,0,0,0
TXN102160,62.2,refund,19,5.82,0.28,1685,1,0,0,0
TXN102161,189.58,withdrawal,10,16.38,2.58,2375,2,0,0,0
TXN102162,129.72,transfer,12,2.34,0.98,1184,1,0,0,0
TXN102163,155.49,online,12,8.09,0.29,2106,2,0,0,0
TXN102164,129.0,online,15,4.23,5.78,1705,2,0,0,0
TXN102165,32.11,purchase,14,4.36,14.21,2483,3,1,0,0
TXN102166,152.16,withdrawal,16,5.39,9.44,2114,0,0,0,0
TXN102167,21.48,online,10,24.05,1.62,2532,3,0,0,0
TXN102168,57.23,withdrawal,12,2.1,3.81,2093,0,0,0,0
TXN102169,176.41,online,11,9.5,1.14,1492,2,0,0,0
TXN102170,94.33,purchase,15,2.55,1.83,2877,2,0,0,0
TXN102171,47.35,withdrawal,19,3.93,4.43,2856,1,1,0,0
TXN102172,62.36,transfer,8,3.07,2.0,2970,2,0,0,0
TXN102173,89.91,purchase,14,11.43,2.17,2414,2,0,0,0
TXN102174,226.44,purchase,13,1.49,9.7,1577,2,0,0,0
TXN102175,41.76,online,12,4.47,0.85,2626,4,0,1,0
TXN102176,142.46,transfer,6,17.95,2.26,1964,4,0,0,0
TXN102177,89.91,transfer,19,12.05,3.48,2985,1,0,0,0
TXN102178,17.7,purchase,9,4.56,6.18,2384,1,0,0,0
TXN102179,58.71,purchase,6,5.19,5.57,177,2,0,0,0
TXN102180,179.95,transfer,17,0.01,3.7,2645,4,0,1,0
TXN102181,57.38,withdrawal,12,7.98,0.13,1405,6,0,0,0
TXN102182,102.21,purchase,9,16.5,8.1,1185,3,0,0,0
TXN102183,39.45,withdrawal,14,8.29,3.16,1508,1,0,0,0
TXN102184,152.19,transfer,12,2.14,0.18,2798,1,0,0,0
TXN102185,100.42,transfer,14,3.25,8.04,2499,2,0,0,0
TXN102186,128.12,withdrawal,11,4.89,1.74,3460,0,0,0,0
TXN102187,28.4,online,21,28.97,12.43,2080,2,0,1,0
TXN102188,91.51,online,14,9.61,0.91,2863,1,0,0,0
TXN102189,33.85,purchase,18,1.87,0.7,526,4,1,0,0
TXN102190,46.1,purchase,15,21.42,26.44,2408,1,0,0,0
TXN102191,184.35,purchase,17,14.63,0.21,2592,2,0,0,0
TXN102192,9.63,transfer,19,44.47,12.8,1228,4,0,0,0
TXN102193,121.12,online,12,0.52,14.61,3578,2,0,0,0
TXN102194,45.85,online,7,10.66,2.03,256,0,0,0,0
TXN102195,263.56,purchase,17,16.25,2.61,1817,3,0,0,0
TXN102196,22.5,withdrawal,17,10.57,1.28,677,3,1,0,0
TXN102197,154.39,purchase,9,20.85,3.07,2733,1,0,0,0
TXN102198,66.55,purchase,15,10.81,7.4,3649,2,0,0,0
TXN102199,142.3,online,12,9.62,5.42,3071,1,1,0,0
TXN102200,63.24,purchase,13,0.47,6.62,2859,0,0,0,0
TXN102201,22.77,transfer,17,2.94,2.12,2749,5,0,0,0
TXN102202,25.88,purchase,14,15.2,3.15,2845,3,0,0,0
TXN102203,120.07,transfer,9,5.96,1.92,162,1,0,0,0
TXN102204,51.86,withdrawal,21,19.03,0.12,1445,4,0,0,0
TXN102205,48.19,online,14,1.61,18.61,1955,3,0,0,0
TXN102206,93.05,purchase,13,11.04,2.43,2009,2,0,0,0
TXN102207,122.3,purchase,18,3.62,8.31,3096,1,0,1,0
TXN102208,49.0,purchase,14,3.63,4.75,986,3,0,0,0
TXN102209,92.24,purchase,13,5.82,13.94,1739,2,0,0,0
TXN102210,140.41,purchase,10,17.6,3.83,2509,0,0,0,0
TXN102211,43.48,purchase,23,12.51,2.34,376,1,0,0,0
TXN102212,46.51,online,15,1.98,7.51,561,5,0,0,0
TXN102213,76.1,purchase,13,8.24,7.62,2213,5,0,0,0
TXN102214,81.49,withdrawal,16,5.81,5.75,2136,4,0,0,0
TXN102215,109.14,withdrawal,10,1.67,3.38,2277,4,0,0,0
TXN102216,18.37,purchase,17,3.03,5.67,3089,3,0,0,0
TXN102217,10.66,purchase,16,1.21,7.59,1638,2,0,0,0
TXN102218,66.19,online,16,8.99,3.08,3231,2,1,0,0
TXN102219,40.86,withdrawal,11,5.43,3.15,1459,2,0,0,0
TXN102220,58.83,purchase,13,0.63,0.43,1446,3,0,0,0
TXN102221,59.79,purchase,14,6.68,0.6,1802,3,0,0,0
TXN102222,51.94,transfer,10,2.27,0.23,1709,2,0,0,0
TXN102223,21.2,withdrawal,15,0.24,1.85,2650,5,0,0,0
TXN102224,146.52,refund,15,2.53,0.37,1659,1,0,0,0
TXN102225,319.19,online,12,12.15,5.03,3553,3,1,0,0
TXN102226,80.92,transfer,17,10.07,2.4,2063,1,0,0,0
TXN102227,76.53,online,8,1.73,5.78,2979,2,0,0,0
TXN102228,45.37,purchase,8,8.31,2.27,2493,1,0,0,0
TXN102229,131.46,purchase,16,1.9,1.04,1262,0,0,0,0
TXN102230,70.92,purchase,19,1.35,1.93,3162,1,0,0,0
TXN102231,68.99,purchase,15,1.4,1.83,1423,4,0,0,0
TXN102232,102.03,purchase,12,9.38,10.21,2595,3,0,0,0
TXN102233,179.78,purchase,14,9.54,13.09,858,2,0,0,0
TXN102234,118.09,online,9,0.95,3.2,331,3,0,1,0
TXN102235,58.94,online,16,30.7,9.65,2280,2,0,0,0
TXN102236,75.76,online,10,7.65,1.28,3500,3,0,0,0
TXN102237,69.01,online,13,1.64,3.72,1553,0,0,0,0
TXN102238,20.84,purchase,15,0.65,5.73,2125,2,0,0,0
TXN102239,35.87,online,0,9.53,0.59,1320,3,0,0,0
TXN102240,31.18,purchase,8,10.09,12.67,1642,3,0,0,0
TXN102241,53.34,online,15,37.61,4.95,2536,3,0,0,0
TXN102242,38.46,withdrawal,13,4.46,1.38,402,4,0,0,0
TXN102243,89.35,transfer,14,7.13,3.04,1997,0,0,0,0
TXN102244,116.15,purchase,16,5.18,5.19,2409,3,0,0,0
TXN102245,62.18,purchase,14,1.71,9.88,174,1,1,0,0
TXN102246,81.68,online,17,5.56,7.62,307,4,1,0,0
TXN102247,107.52,purchase,19,1.67,2.06,1705,2,0,1,0
TXN102248,121.78,purchase,15,26.07,2.03,827,3,0,0,0
TXN102249,69.8,refund,8,19.52,11.0,3605,0,0,0,0
TXN102250,19.16,transfer,19,6.83,3.26,632,0,1,0,0
TXN102251,30.34,purchase,9,2.75,12.01,335,1,0,0,0
TXN102252,27.42,purchase,11,21.03,2.15,1232,1,0,0,0
TXN102253,42.02,purchase,9,1.49,0.62,251,2,0,0,0
TXN102254,128.29,online,15,11.01,6.86,2947,3,0,1,0
TXN102255,42.23,withdrawal,15,9.03,6.62,2515,1,0,0,0
TXN102256,32.06,purchase,14,1.51,1.36,2323,7,0,0,0
TXN102257,155.97,purchase,17,1.29,7.39,868,0,0,0,0
TXN102258,49.05,withdrawal,13,19.86,3.52,394,2,0,0,0
TXN102259,269.27,online,16,3.07,11.95,363,2,0,1,0
TXN102260,78.01,purchase,16,25.03,5.37,3536,6,0,0,0
TXN102261,268.23,refund,8,2.03,3.37,3004,2,0,0,0
TXN102262,71.39,purchase,15,2.38,2.89,3625,2,0,0,0
TXN102263,62.69,purchase,9,3.8,1.57,459,4,0,0,0
TXN102264,213.36,purchase,12,1.64,0.61,707,3,0,0,0
TXN102265,35.02,withdrawal,10,10.8,8.82,1253,1,0,0,0
TXN102266,98.03,online,12,24.57,4.45,2511,3,0,0,0
TXN102267,203.4,purchase,9,9.33,6.28,1129,0,0,0,0
TXN102268,40.53,purchase,11,21.01,1.97,692,2,0,0,0
TXN102269,33.66,purchase,16,0.67,6.38,319,1,0,0,0
TXN102270,75.46,purchase,17,0.4,0.1,3266,2,0,0,0
TXN102271,78.55,withdrawal,15,15.15,3.53,1671,3,0,0,0
TXN102272,137.02,online,7,0.8,7.55,552,4,0,0,0
TXN102273,77.61,purchase,9,0.39,5.6,1425,4,0,0,0
TXN102274,62.85,online,10,3.35,10.28,3388,5,0,0,0
TXN102275,40.65,withdrawal,12,20.29,3.0,2698,3,0,0,0
TXN102276,61.35,purchase,17,8.29,0.93,61,3,0,0,0
TXN102277,110.77,purchase,4,2.9,3.19,1930,4,0,0,0
TXN102278,66.62,withdrawal,18,0.35,12.02,536,1,0,1,0
TXN102279,17.58,online,15,0.15,3.68,248,0,0,0,0
TXN102280,61.84,online,21,1.64,1.71,154,1,1,0,0
TXN102281,6.58,online,19,8.86,1.4,409,2,0,0,0
TXN102282,216.12,purchase,18,11.78,10.81,1268,3,0,0,0
TXN102283,54.77,purchase,11,8.11,1.78,3288,4,0,0,0
TXN102284,185.92,purchase,11,18.98,9.05,459,2,0,0,0
TXN102285,33.1,purchase,8,7.06,5.41,1144,0,0,0,0
TXN102286,27.11,withdrawal,16,9.37,0.63,661,0,0,0,0
TXN102287,99.33,purchase,18,6.38,2.06,443,1,0,0,0
TXN102288,229.47,transfer,22,13.42,7.79,1696,9,0,0,0
TXN102289,90.02,refund,14,6.94,0.89,1577,4,0,0,0
TXN102290,72.21,purchase,14,16.72,1.91,1397,1,0,0,0
TXN102291,433.77,transfer,1,2295.29,410.34,110,9,1,1,1
TXN102292,122.88,refund,16,1.57,3.19,852,1,0,0,0
TXN102293,46.28,purchase,19,11.81,5.18,703,4,0,0,0
TXN102294,172.33,withdrawal,11,4.24,1.39,3469,0,0,0,0
TXN102295,139.95,purchase,12,9.37,1.12,3450,0,0,0,0
TXN102296,111.43,purchase,1,649.38,240.9,312,9,1,1,1
TXN102297,72.05,online,9,4.04,9.2,2142,1,0,0,0
TXN102298,61.77,online,9,1.71,5.54,410,2,0,0,0
TXN102299,128.31,purchase,13,2.07,2.93,1828,2,0,0,0
TXN102300,143.55,online,12,9.0,9.2,2653,2,0,0,0
TXN102301,75.31,online,7,1.49,1.32,317,3,0,0,0
TXN102302,166.98,online,14,2.17,2.68,2396,3,0,0,0
TXN102303,172.52,online,13,4.81,1.8,2369,1,0,0,0
TXN102304,256.83,purchase,9,4.59,0.13,199,1,0,0,0
TXN102305,66.16,online,4,0.93,5.95,3604,4,0,0,0
TXN102306,111.58,online,9,1.5,1.01,1428,2,0,0,0
TXN102307,41.12,online,7,2.15,0.09,1532,1,0,1,0
TXN102308,15.76,purchase,16,2.52,2.42,1642,1,0,0,0
TXN102309,154.82,purchase,8,48.43,2.62,1501,3,0,0,0
TXN102310,7.42,purchase,18,4.72,1.77,2280,2,0,0,0
TXN102311,60.18,withdrawal,12,24.14,0.41,3605,2,0,1,0
TXN102312,27.61,refund,6,8.82,1.67,1979,1,0,0,0
TXN102313,133.72,purchase,10,4.9,1.53,186,4,0,0,0
TXN102314,76.99,refund,11,2.78,3.23,2049,3,0,0,0
TXN102315,360.95,purchase,0,699.68,756.9,338,5,0,0,1
TXN102316,95.64,transfer,12,2.73,0.26,2193,2,0,0,0
TXN102317,134.63,transfer,13,3.13,8.73,2823,1,0,0,0
TXN102318,35.75,withdrawal,18,10.16,15.2,523,2,0,0,0
TXN102319,172.17,transfer,11,7.35,3.74,3332,2,0,0,0
TXN102320,15.52,transfer,12,1.36,4.4,121,2,0,1,0
TXN102321,93.2,purchase,13,1.49,15.24,2469,2,0,0,0
TXN102322,67.14,withdrawal,12,0.63,1.71,276,1,0,0,0
TXN102323,22.29,withdrawal,16,6.4,11.45,502,1,1,0,0
TXN102324,99.06,purchase,6,2.47,6.41,1500,2,0,0,0
TXN102325,38.08,transfer,13,8.0,0.5,3028,1,0,0,0
TXN102326,31.77,purchase,12,0.0,17.72,809,4,0,0,0
TXN102327,190.4,online,5,1.26,0.8,162,1,0,0,0
TXN102328,102.56,withdrawal,7,3.54,16.12,2604,2,0,1,0
TXN102329,16.24,withdrawal,11,4.01,1.12,1222,1,0,0,0
TXN102330,122.88,purchase,19,3.63,3.53,3615,6,0,0,0
TXN102331,38.65,online,11,3.31,1.07,2814,1,0,0,0
TXN102332,86.66,withdrawal,14,3.73,1.65,1272,3,0,0,0
TXN102333,16.04,online,14,10.44,1.56,2180,2,0,0,0
TXN102334,173.18,purchase,19,0.38,7.09,3647,5,0,0,0
TXN102335,426.09,transfer,3,128.37,377.6,13,7,0,1,1
TXN102336,54.4,withdrawal,8,9.19,9.44,2091,2,0,0,0
TXN102337,64.47,purchase,13,1.91,7.0,3403,1,0,0,0
TXN102338,528.21,transfer,22,251.34,59.58,374,6,1,1,1
TXN102339,173.35,purchase,22,4.94,3.62,815,4,0,0,0
TXN102340,180.93,purchase,11,11.02,2.25,880,1,0,0,0
TXN102341,66.01,online,8,12.35,2.5,1854,3,0,0,0
TXN102342,26.3,withdrawal,13,2.05,6.36,3356,3,0,0,0
TXN102343,186.97,transfer,8,14.81,8.89,3379,1,0,0,0
TXN102344,46.19,online,14,0.42,6.49,2812,0,0,0,0
TXN102345,11.86,purchase,21,13.59,0.33,291,0,0,0,0
TXN102346,48.42,online,9,8.98,13.58,1292,5,0,0,0
TXN102347,177.74,withdrawal,22,4.29,3.97,1891,0,0,0,0
TXN102348,241.85,purchase,17,3.58,2.48,3582,0,0,0,0
TXN102349,96.4,online,12,5.52,13.27,1408,0,1,0,0
TXN102350,51.34,purchase,15,0.11,23.13,2359,5,0,0,0
TXN102351,428.28,online,4,344.22,244.9,89,12,1,0,1
TXN102352,67.77,withdrawal,13,7.27,14.02,3274,1,0,0,0
TXN102353,137.81,purchase,17,0.73,1.56,2797,0,0,0,0
TXN102354,9.72,purchase,18,1.86,8.39,815,2,0,0,0
TXN102355,108.16,purchase,11,4.86,0.23,885,2,0,0,0
TXN102356,33.78,withdrawal,15,12.46,4.7,360,2,0,1,0
TXN102357,98.9,purchase,13,12.99,0.46,1486,2,0,0,0
TXN102358,13.18,purchase,10,2.87,13.16,65,4,0,0,0
TXN102359,178.28,online,14,0.33,7.89,990,0,0,0,0
TXN102360,175.78,transfer,9,21.56,7.17,3598,3,0,0,0
TXN102361,44.94,purchase,10,0.33,7.58,431,4,0,0,0
TXN102362,76.42,purchase,14,6.72,2.39,2987,2,0,0,0
TXN102363,85.87,purchase,12,6.93,2.4,151,1,0,0,0
TXN102364,114.87,purchase,9,2.53,11.57,3022,0,0,0,0
TXN102365,76.12,online,17,6.31,4.73,3391,3,0,0,0
TXN102366,31.73,online,12,7.94,7.06,689,1,0,1,0
TXN102367,133.25,online,12,0.17,11.31,2579,0,0,0,0
TXN102368,132.8,purchase,14,3.32,2.71,844,3,0,1,0
TXN102369,232.26,transfer,22,1.68,2.63,2498,2,0,0,0
TXN102370,69.38,purchase,16,2.95,0.39,1583,1,0,0,0
TXN102371,98.63,online,9,7.28,1.62,2383,3,0,0,0
TXN102372,23.63,withdrawal,11,1.36,0.76,2670,2,0,0,0
TXN102373,36.76,withdrawal,11,7.2,5.8,2639,2,0,0,0
TXN102374,67.78,online,15,3.4,3.28,807,2,0,0,0
TXN102375,71.89,purchase,11,14.64,4.39,2066,2,1,0,0
TXN102376,92.55,transfer,10,10.49,13.13,2772,4,1,1,0
TXN102377,105.86,purchase,16,13.94,2.91,3646,3,0,0,0
TXN102378,32.72,purchase,15,1.53,0.5,3070,2,0,1,0
TXN102379,57.22,online,17,6.66,6.62,1452,2,0,0,0
TXN102380,146.59,online,15,5.02,0.29,3054,1,0,0,0
TXN102381,51.98,online,10,1.76,2.82,3571,2,0,0,0
TXN102382,106.62,purchase,23,15.25,11.25,1340,0,0,0,0
TXN102383,212.14,withdrawal,17,18.28,0.24,3552,1,0,0,0
TXN102384,29.29,online,11,5.98,2.41,3518,1,0,0,0
TXN102385,74.3,purchase,21,2.74,6.63,140,4,0,0,0
TXN102386,105.34,withdrawal,17,5.31,5.12,1599,2,0,1,0
TXN102387,35.72,withdrawal,15,4.49,3.85,322,1,0,0,0
TXN102388,90.03,purchase,14,0.5,0.52,3330,5,0,0,0
TXN102389,15.89,transfer,14,6.62,2.99,3272,1,0,0,0
TXN102390,95.28,purchase,11,3.49,17.01,3300,1,0,0,0
TXN102391,21.22,purchase,7,9.34,15.81,2282,1,0,0,0
TXN102392,110.83,purchase,11,7.51,2.0,2901,3,0,0,0
TXN102393,79.05,withdrawal,18,3.55,7.55,402,1,0,1,0
TXN102394,57.48,withdrawal,21,26.91,0.19,2895,4,0,0,0
TXN102395,86.02,purchase,18,11.86,2.33,1452,6,0,0,0
TXN102396,210.55,purchase,13,1.82,13.49,2240,1,0,1,0
TXN102397,48.77,withdrawal,15,0.24,1.91,414,4,0,0,0
TXN102398,42.6,online,16,5.68,9.0,3053,3,1,0,0
TXN102399,15.16,purchase,8,1.3,8.82,1702,4,0,0,0
TXN102400,305.84,online,9,10.41,0.65,2168,3,0,0,0
TXN102401,57.52,purchase,13,0.08,2.89,2135,2,0,0,0
TXN102402,180.49,withdrawal,13,9.56,7.44,1704,2,0,0,0
TXN102403,167.29,transfer,12,16.92,5.28,693,3,0,0,0
TXN102404,99.39,withdrawal,7,15.82,1.8,3189,1,0,0,0
TXN102405,51.7,transfer,14,8.94,3.81,921,3,0,0,0
TXN102406,204.01,purchase,14,11.77,3.51,3562,3,0,0,0
TXN102407,48.19,withdrawal,14,18.52,0.26,3256,2,0,0,0
TXN102408,613.17,purchase,5,655.1,158.47,394,13,0,0,1
TXN102409,254.68,transfer,12,6.27,11.13,2378,5,0,1,0
TXN102410,38.2,withdrawal,10,2.09,18.12,373,5,0,0,0
TXN102411,186.76,purchase,14,0.59,3.31,1784,0,1,1,0
TXN102412,76.48,withdrawal,18,0.86,4.25,1746,2,0,0,0
TXN102413,55.63,withdrawal,17,2.54,0.0,2460,0,0,0,0
TXN102414,219.85,purchase,15,28.68,0.51,2181,2,0,0,0
TXN102415,699.38,refund,2,28.28,679.08,27,8,0,0,1
TXN102416,104.07,online,14,4.81,0.61,503,1,0,0,0
TXN102417,50.82,withdrawal,17,3.11,4.49,3297,3,0,0,0
TXN102418,671.45,online,0,1270.55,53.34,118,14,1,1,1
TXN102419,101.47,transfer,11,4.07,5.4,3085,6,0,0,0
TXN102420,65.39,withdrawal,13,3.71,1.39,1011,3,0,0,0
TXN102421,45.71,withdrawal,17,4.28,14.19,2434,2,0,1,0
TXN102422,50.46,online,8,0.97,1.19,3026,0,0,0,0
TXN102423,522.31,transfer,0,241.16,157.49,196,2,1,1,1
TXN102424,85.28,online,17,5.79,14.87,569,3,0,1,0
TXN102425,109.59,purchase,12,6.53,5.47,2479,1,0,0,0
TXN102426,766.22,online,1,408.55,258.06,2,3,1,1,1
TXN102427,23.1,transfer,16,3.88,11.57,2155,4,0,0,0
TXN102428,41.26,refund,15,30.95,0.35,112,3,0,0,0
TXN102429,96.44,transfer,16,12.55,0.28,2316,3,0,0,0
TXN102430,87.06,transfer,17,0.75,3.75,2494,1,0,0,0
TXN102431,160.44,online,17,11.9,0.37,109,3,0,0,0
TXN102432,76.43,purchase,14,1.73,1.89,1682,2,1,0,0
TXN102433,108.5,purchase,13,0.29,4.28,1412,3,0,0,0
TXN102434,3.43,withdrawal,15,4.08,2.9,3262,1,0,0,0
TXN102435,73.09,withdrawal,9,4.59,8.99,3435,3,1,0,0
TXN102436,79.01,purchase,9,20.23,5.83,1730,1,0,0,0
TXN102437,65.78,purchase,7,6.23,2.64,208,1,0,0,0
TXN102438,59.93,purchase,16,21.12,3.6,1493,2,0,0,0
TXN102439,34.62,online,16,4.97,1.2,3165,2,0,0,0
TXN102440,28.23,purchase,15,19.95,8.66,3352,0,0,0,0
TXN102441,104.11,purchase,16,3.11,0.07,197,0,0,0,0
TXN102442,81.17,online,9,20.31,5.52,2125,4,0,0,0
TXN102443,63.67,online,18,13.48,3.61,2525,1,0,0,0
TXN102444,52.72,purchase,18,5.13,4.47,932,6,0,0,0
TXN102445,20.06,purchase,13,5.13,0.54,588,2,0,0,0
TXN102446,87.14,purchase,16,2.19,5.32,834,2,0,0,0
TXN102447,59.63,purchase,14,7.95,18.3,1028,2,0,0,0
TXN102448,51.18,purchase,13,16.76,7.86,2489,4,0,1,0
TXN102449,89.22,transfer,14,0.61,2.82,838,0,0,0,0
TXN102450,65.19,transfer,6,3.65,6.75,2342,4,0,0,0
TXN102451,108.99,withdrawal,2,13.22,15.02,731,2,0,0,0
TXN102452,63.27,online,11,6.48,17.06,3364,2,0,0,0
TXN102453,172.34,withdrawal,15,2.55,1.97,1414,2,0,0,0
TXN102454,91.63,withdrawal,7,27.7,0.23,1516,2,0,0,0
TXN102455,316.37,purchase,1,673.73,416.04,253,6,1,1,1
TXN102456,116.76,online,15,8.44,1.14,3217,4,1,0,0
TXN102457,46.71,purchase,13,3.52,1.89,461,6,0,1,0
TXN102458,56.9,withdrawal,20,14.32,0.45,2692,2,0,0,0
TXN102459,15.01,purchase,16,15.03,4.86,2552,4,0,0,0
TXN102460,104.13,online,17,1.2,0.27,1194,0,0,0,0
TXN102461,47.11,purchase,13,6.62,5.65,228,1,0,0,0
TXN102462,123.21,purchase,20,15.51,7.79,3335,4,0,0,0
TXN102463,28.37,transfer,18,11.85,9.12,2988,1,1,0,0
TXN102464,94.91,purchase,15,3.73,5.97,2734,1,0,0,0
TXN102465,15.27,purchase,17,12.21,2.09,1070,3,0,0,0
TXN102466,48.27,purchase,11,3.33,0.87,1292,2,0,0,0
TXN102467,37.74,purchase,19,0.2,1.34,634,0,1,0,0
TXN102468,28.23,online,4,850.54,26.91,218,8,0,0,1
TXN102469,123.17,purchase,1,23.48,3.28,1974,1,0,1,0
TXN102470,58.08,purchase,11,6.5,3.63,2395,1,0,0,0
TXN102471,126.03,transfer,4,112.49,138.99,260,11,1,0,1
TXN102472,37.72,purchase,19,2.02,0.2,3147,2,0,1,0
TXN102473,19.48,purchase,20,1.92,6.24,1523,1,0,0,0
TXN102474,55.26,purchase,8,0.85,0.68,1643,3,0,1,0
TXN102475,61.21,purchase,13,13.99,1.02,1558,0,0,0,0
TXN102476,38.16,withdrawal,12,21.64,2.19,3470,3,0,0,0
TXN102477,76.84,purchase,9,22.4,8.31,3362,0,0,0,0
TXN102478,55.92,purchase,8,1.28,0.65,3047,1,0,1,0
TXN102479,40.63,withdrawal,17,25.5,2.94,1013,4,0,0,0
TXN102480,71.96,purchase,9,4.02,20.55,350,4,0,0,0
TXN102481,83.49,online,13,38.05,7.59,1023,1,0,0,0
TXN102482,88.81,transfer,16,11.02,7.73,2222,0,0,0,0
TXN102483,132.65,purchase,13,10.06,6.32,3475,5,1,0,0
TXN102484,74.68,purchase,12,6.17,6.73,2211,1,0,0,0
TXN102485,59.48,transfer,14,6.44,3.73,2714,1,0,1,0
TXN102486,171.24,transfer,11,3.02,4.75,3018,3,0,1,0
TXN102487,170.16,transfer,2,60.75,276.17,56,6,1,1,1
TXN102488,131.55,purchase,16,11.07,0.09,2041,1,0,1,0
TXN102489,24.57,withdrawal,16,5.61,5.93,1272,2,0,0,0
TXN102490,36.05,online,20,6.44,2.63,3626,1,0,0,0
TXN102491,58.93,purchase,10,9.1,1.28,270,1,0,0,0
TXN102492,17.76,purchase,11,15.44,1.55,1996,0,0,0,0
TXN102493,836.44,transfer,1,156.5,51.77,303,8,0,1,1
TXN102494,69.09,purchase,21,4.05,3.4,3156,2,0,0,0
TXN102495,144.96,purchase,14,7.76,2.59,2190,0,0,0,0
TXN102496,38.84,online,10,11.49,10.53,97,0,0,0,0
TXN102497,86.9,online,12,0.84,13.38,310,3,0,0,0
TXN102498,48.14,purchase,17,16.25,5.87,3423,3,0,0,0
TXN102499,62.69,online,16,2.23,6.58,1600,2,0,0,0
TXN102500,99.92,online,14,6.17,2.66,2752,3,0,0,0
TXN102501,94.34,purchase,11,0.3,7.54,2502,1,0,0,0
TXN102502,39.61,online,12,8.62,3.1,312,1,0,0,0
TXN102503,141.38,withdrawal,13,3.96,6.46,1582,3,0,0,0
TXN102504,23.99,refund,12,0.21,0.91,133,0,0,0,0
TXN102505,16.05,transfer,18,3.58,8.25,2251,3,0,0,0
TXN102506,105.99,transfer,6,0.03,0.52,2782,1,0,0,0
TXN102507,38.26,purchase,15,10.1,23.4,1723,1,0,0,0
TXN102508,145.31,online,18,40.12,8.3,1432,1,0,0,0
TXN102509,268.6,purchase,3,220.1,333.21,135,8,1,1,1
TXN102510,130.21,refund,13,10.12,9.07,2219,2,0,0,0
TXN102511,31.41,transfer,16,1.09,0.68,2932,3,0,0,0
TXN102512,44.71,purchase,17,22.4,2.12,848,0,0,0,0
TXN102513,149.07,online,15,19.7,10.4,2301,2,0,0,0
TXN102514,94.78,withdrawal,15,7.84,4.42,2868,5,1,0,0
TXN102515,123.12,purchase,12,3.43,3.53,2215,1,0,0,0
TXN102516,28.08,purchase,20,8.83,14.81,3194,1,0,0,0
TXN102517,24.82,online,17,6.94,1.47,2001,3,0,0,0
TXN102518,90.08,transfer,14,4.21,0.17,2981,4,0,0,0
TXN102519,71.37,online,12,0.58,6.48,3398,3,0,0,0
TXN102520,25.24,withdrawal,9,13.75,0.58,441,2,0,0,0
TXN102521,212.52,purchase,15,13.25,4.2,416,4,0,0,0
TXN102522,55.34,withdrawal,14,20.08,8.89,491,7,0,0,0
TXN102523,135.59,purchase,9,7.6,7.37,2118,1,0,0,0
TXN102524,107.02,transfer,12,11.16,2.18,2321,2,0,0,0
TXN102525,119.64,transfer,23,9.89,0.51,1418,6,0,0,0
TXN102526,88.79,purchase,11,5.35,0.84,621,1,0,0,0
TXN102527,145.31,withdrawal,15,2.76,12.92,2173,2,1,0,0
TXN102528,57.89,online,18,17.68,1.64,2692,2,0,0,0
TXN102529,28.37,purchase,12,0.67,7.2,2633,4,0,0,0
TXN102530,96.16,online,13,2.95,4.69,1869,5,0,0,0
TXN102531,94.28,purchase,8,15.22,5.13,3109,2,0,0,0
TXN102532,92.72,purchase,18,8.54,1.94,2444,2,0,0,0
TXN102533,163.0,online,16,0.38,0.0,2196,0,0,0,0
TXN102534,98.52,purchase,19,3.84,12.02,3048,1,0,0,0
TXN102535,153.78,online,15,0.83,1.72,3038,2,0,0,0
TXN102536,50.29,transfer,15,2.82,4.92,249,2,0,1,0
TXN102537,83.18,purchase,18,10.45,11.79,1368,1,0,1,0
TXN102538,116.28,purchase,12,1.24,1.39,2036,2,0,0,0
TXN102539,128.17,refund,16,2.59,3.59,1783,2,0,0,0
TXN102540,173.54,online,17,12.08,0.85,2491,1,0,0,0
TXN102541,6.3,transfer,16,12.14,5.69,1332,3,1,0,0
TXN102542,37.81,purchase,12,6.49,0.59,1380,0,0,0,0
TXN102543,413.57,transfer,23,1523.91,69.77,8,4,0,1,1
TXN102544,169.74,online,18,15.77,0.52,2574,3,0,0,0
TXN102545,26.13,transfer,7,6.6,3.96,971,1,0,0,0
TXN102546,124.19,transfer,8,6.37,0.7,1847,3,0,0,0
TXN102547,140.42,transfer,16,0.87,0.7,3548,1,0,0,0
TXN102548,136.59,transfer,13,6.45,2.34,3311,3,0,0,0
TXN102549,136.22,purchase,13,4.8,7.04,1464,3,0,0,0
TXN102550,17.25,refund,12,10.91,3.64,2476,1,0,0,0
TXN102551,32.03,transfer,22,21.43,8.86,741,0,0,0,0
TXN102552,181.77,purchase,1,786.49,782.53,394,12,1,1,1
TXN102553,121.25,purchase,9,5.13,11.68,1281,3,0,0,0
TXN102554,42.14,withdrawal,19,5.43,13.6,1590,2,0,0,0
TXN102555,84.54,online,20,11.72,6.14,2411,1,0,0,0
TXN102556,39.25,online,14,2.69,4.76,467,3,0,0,0
TXN102557,154.6,purchase,11,4.49,3.66,3576,1,0,0,0
TXN102558,37.23,online,18,0.05,4.75,1364,0,0,0,0
TXN102559,39.61,online,13,2.62,10.16,783,0,0,1,0
TXN102560,104.24,purchase,18,3.42,5.38,228,3,0,0,0
TXN102561,175.3,withdrawal,12,0.35,1.07,2710,1,0,0,0
TXN102562,317.82,purchase,11,17.22,1.07,469,1,0,0,0
TXN102563,87.08,online,15,3.4,2.47,3063,2,0,0,0
TXN102564,43.14,purchase,10,1.08,4.14,3345,5,0,0,0
TXN102565,77.0,online,17,0.86,0.29,1900,3,0,0,0
TXN102566,56.09,transfer,11,4.17,1.29,3048,1,0,0,0
TXN102567,103.33,withdrawal,12,8.56,6.87,1745,2,0,0,0
TXN102568,191.49,transfer,10,15.9,1.77,892,5,0,0,0
TXN102569,130.54,purchase,12,3.38,14.53,3603,3,1,0,0
TXN102570,84.38,purchase,20,2.67,15.01,3382,4,0,0,0
TXN102571,120.19,purchase,15,10.26,4.44,3458,2,0,0,0
TXN102572,119.35,online,16,16.49,4.15,2960,1,0,0,0
TXN102573,29.36,transfer,16,16.01,5.34,37,5,0,0,0
TXN102574,197.03,transfer,16,7.64,0.94,420,1,0,0,0
TXN102575,35.3,transfer,13,21.76,6.6,1633,5,0,1,0
TXN102576,16.95,withdrawal,23,5.94,0.15,1037,3,0,0,0
TXN102577,252.95,online,19,0.14,0.62,743,1,0,0,0
TXN102578,3.81,online,12,19.79,2.02,132,1,0,1,0
TXN102579,77.42,purchase,12,2.16,9.27,2405,0,0,0,0
TXN102580,35.78,withdrawal,17,13.89,1.46,1584,1,0,0,0
TXN102581,75.6,withdrawal,17,23.08,1.36,1246,3,0,0,0
TXN102582,51.62,withdrawal,10,6.44,0.71,376,2,0,0,0
TXN102583,59.01,purchase,17,3.27,1.63,3045,3,1,0,0
TXN102584,105.58,withdrawal,18,0.29,0.59,1779,2,0,0,0
TXN102585,138.74,purchase,13,9.07,2.23,1019,1,0,0,0
TXN102586,168.21,purchase,13,3.74,2.06,771,1,0,0,0
TXN102587,23.41,online,12,2.17,2.87,2175,5,0,0,0
TXN102588,43.67,purchase,14,1.44,15.94,181,1,1,0,0
TXN102589,19.52,transfer,17,12.66,8.77,2941,2,0,0,0
TXN102590,185.01,online,19,6.12,0.85,939,4,0,1,0
TXN102591,349.1,transfer,2,27.13,700.13,26,13,0,1,1
TXN102592,250.2,purchase,12,0.07,4.98,1988,0,0,0,0
TXN102593,22.12,refund,17,4.97,3.97,2875,1,0,0,0
TXN102594,77.07,purchase,17,6.97,2.61,175,1,0,0,0
TXN102595,80.17,online,15,1.47,0.52,2289,1,0,0,0
TXN102596,79.47,purchase,8,14.25,0.03,250,0,0,0,0
TXN102597,98.43,withdrawal,16,2.0,7.11,1652,0,0,0,0
TXN102598,20.2,withdrawal,6,0.27,2.49,237,4,0,1,0
TXN102599,15.2,online,12,16.98,2.79,1224,1,0,0,0
TXN102600,23.58,purchase,18,11.6,17.41,903,5,0,0,0
TXN102601,209.24,online,14,2.04,4.79,1099,1,0,0,0
TXN102602,32.69,purchase,16,4.42,2.46,1445,5,0,0,0
TXN102603,53.31,online,15,7.34,1.01,2263,1,0,0,0
TXN102604,32.72,withdrawal,15,2.5,0.07,1430,3,0,0,0
TXN102605,255.99,purchase,7,1.24,11.99,950,3,1,0,0
TXN102606,54.1,purchase,16,5.74,2.79,657,0,0,0,0
TXN102607,82.33,purchase,15,2.65,0.08,200,1,0,0,0
TXN102608,114.27,purchase,8,0.51,7.03,1106,3,0,0,0
TXN102609,34.34,purchase,17,1.81,2.0,2288,6,0,0,0
TXN102610,71.11,withdrawal,12,11.54,7.38,3164,1,0,0,0
TXN102611,194.42,purchase,15,8.21,0.82,1996,2,0,0,0
TXN102612,100.05,refund,22,15.85,4.4,88,2,0,0,0
TXN102613,142.56,online,18,21.68,3.48,2968,2,0,0,0
TXN102614,37.15,purchase,17,5.45,0.1,138,3,0,0,0
TXN102615,64.3,online,14,1.11,0.59,1907,2,1,0,0
TXN102616,79.22,transfer,18,7.96,2.14,890,1,1,0,0
TXN102617,176.33,purchase,16,3.96,13.41,919,3,0,1,0
TXN102618,119.32,online,13,3.03,10.88,1602,2,0,0,0
TXN102619,37.74,transfer,10,6.89,2.86,2286,1,0,0,0
TXN102620,121.08,purchase,16,2.35,4.26,3351,2,0,0,0
TXN102621,28.42,online,10,14.82,1.68,3187,5,0,1,0
TXN102622,37.28,purchase,16,5.99,4.35,1151,1,0,0,0
TXN102623,73.88,purchase,12,5.36,0.4,1850,1,0,0,0
TXN102624,58.42,refund,14,8.97,5.83,3578,0,0,0,0
TXN102625,16.29,withdrawal,9,2.31,3.33,841,3,0,0,0
TXN102626,52.68,online,18,5.98,8.29,2385,1,0,0,0
TXN102627,28.81,online,19,12.08,7.78,3045,6,0,0,0
TXN102628,42.7,purchase,12,19.74,0.42,1268,2,1,0,0
TXN102629,143.15,online,17,13.03,0.63,918,2,0,0,0
TXN102630,749.28,online,3,12.01,49.28,289,3,0,0,1
TXN102631,86.37,online,9,15.32,4.1,2624,0,0,0,0
TXN102632,175.38,transfer,14,5.21,17.99,95,2,0,0,0
TXN102633,57.18,transfer,12,0.72,0.89,1753,4,0,0,0
TXN102634,27.76,purchase,14,11.46,5.92,277,2,0,0,0
TXN102635,66.78,online,15,0.51,2.19,1793,6,0,0,0
TXN102636,137.96,purchase,17,4.52,18.52,2223,2,0,0,0
TXN102637,111.93,purchase,15,1.08,1.96,1684,0,0,0,0
TXN102638,819.35,online,5,479.98,250.75,342,8,1,1,1
TXN102639,269.72,withdrawal,8,3.52,7.05,2883,2,0,0,0
TXN102640,42.12,purchase,10,1.6,9.38,2321,0,0,0,0
TXN102641,59.13,purchase,8,19.81,1.35,1297,1,1,0,0
TXN102642,28.13,transfer,14,14.83,8.56,2728,1,0,0,0
TXN102643,40.94,online,12,29.3,0.35,2154,2,0,0,0
TXN102644,45.83,online,7,0.49,5.33,1684,1,0,0,0
TXN102645,72.86,transfer,22,7.25,1.09,272,2,0,0,0
TXN102646,706.58,withdrawal,4,246.79,69.09,295,13,0,0,1
TXN102647,111.82,purchase,14,5.38,4.7,2692,0,0,1,0
TXN102648,30.56,transfer,12,4.92,4.05,2203,3,0,0,0
TXN102649,960.59,transfer,23,276.27,26.04,81,11,0,0,1
TXN102650,147.13,transfer,13,11.69,2.32,3325,4,1,0,0
TXN102651,35.25,withdrawal,13,3.21,6.02,2483,0,0,0,0
TXN102652,20.78,purchase,16,6.28,4.57,3136,1,0,0,0
TXN102653,108.98,purchase,17,3.12,8.33,2448,0,0,0,0
TXN102654,265.44,refund,0,578.28,369.34,259,10,1,0,1
TXN102655,248.1,purchase,19,11.07,6.23,689,0,0,0,0
TXN102656,164.77,withdrawal,10,5.39,14.7,910,5,0,0,0
TXN102657,490.51,transfer,1,47.72,157.12,368,10,1,1,1
TXN102658,164.4,transfer,17,6.17,9.52,730,0,0,0,0
TXN102659,160.8,purchase,11,3.81,17.09,397,2,0,0,0
TXN102660,15.12,online,21,4.98,1.21,856,2,0,0,0
TXN102661,113.15,purchase,14,9.08,2.47,983,0,0,0,0
TXN102662,165.84,transfer,5,17.9,13.14,30,3,0,0,0
TXN102663,111.48,purchase,20,0.33,6.4,1376,1,1,1,0
TXN102664,128.0,online,10,7.55,3.34,2207,1,1,0,0
TXN102665,27.76,purchase,15,1.3,1.66,2977,1,0,0,0
TXN102666,300.31,online,11,14.79,0.84,2605,2,0,0,0
TXN102667,60.95,purchase,15,20.39,0.16,527,2,0,1,0
TXN102668,79.02,purchase,12,13.61,3.1,1477,4,0,0,0
TXN102669,215.67,online,2,180.21,125.21,100,6,1,1,1
TXN102670,19.7,online,10,6.51,4.46,643,3,0,0,0
TXN102671,108.02,purchase,13,10.98,12.44,3557,6,0,0,0
TXN102672,75.83,purchase,11,1.65,2.29,2072,4,0,1,0
TXN102673,7.63,purchase,12,11.96,15.79,1909,3,0,1,0
TXN102674,8.9,withdrawal,18,6.23,0.19,3388,2,0,0,0
TXN102675,45.24,refund,10,5.87,0.02,1835,2,0,0,0
TXN102676,507.98,transfer,5,47.19,199.29,304,10,0,1,1
TXN102677,104.79,purchase,11,2.1,3.44,741,2,0,0,0
TXN102678,216.55,purchase,15,1.03,11.82,3324,2,0,0,0
TXN102679,24.13,purchase,6,5.4,5.22,896,0,0,1,0
TXN102680,39.71,purchase,13,4.06,4.24,2605,1,0,0,0
TXN102681,153.57,withdrawal,16,1.11,2.79,2149,1,0,0,0
TXN102682,159.45,transfer,6,1.09,4.27,3196,2,0,0,0
TXN102683,50.35,purchase,15,2.73,6.47,1224,0,0,0,0
TXN102684,104.72,purchase,10,6.52,5.98,3344,1,0,0,0
TXN102685,245.32,online,15,15.87,3.47,1050,2,0,0,0
TXN102686,173.87,purchase,16,10.74,2.65,2087,2,0,0,0
TXN102687,93.69,transfer,17,3.25,4.7,341,3,0,0,0
TXN102688,99.27,purchase,14,22.15,11.37,1752,1,0,0,0
TXN102689,816.42,withdrawal,2,255.7,213.06,5,10,0,1,1
TXN102690,44.95,purchase,15,7.52,4.28,501,0,0,1,0
TXN102691,47.25,transfer,10,5.59,1.74,1731,4,0,0,0
TXN102692,35.42,withdrawal,17,3.17,5.08,197,1,0,0,0
TXN102693,27.8,online,13,14.65,1.99,1655,3,0,0,0
TXN102694,190.28,purchase,6,0.87,3.24,2118,1,0,0,0
TXN102695,85.92,withdrawal,9,18.01,4.35,1484,0,1,0,0
TXN102696,940.2,online,3,260.85,547.32,210,8,1,1,1
TXN102697,71.7,withdrawal,18,38.15,4.47,1502,2,0,0,0
TXN102698,75.85,purchase,13,4.98,6.32,3503,2,0,0,0
TXN102699,114.65,purchase,12,11.27,3.88,2184,1,0,0,0
TXN102700,75.03,online,16,12.5,3.58,2476,1,0,0,0
TXN102701,103.07,online,11,14.1,5.15,1075,4,0,0,0
TXN102702,48.74,transfer,14,19.06,5.23,444,0,0,0,0
TXN102703,26.04,withdrawal,14,5.92,3.06,370,1,0,0,0
TXN102704,267.02,transfer,2,943.78,29.06,291,11,0,0,1
TXN102705,16.86,withdrawal,8,8.63,3.82,1185,0,0,0,0
TXN102706,673.56,online,23,521.28,88.39,374,9,1,1,1
TXN102707,108.57,transfer,10,25.08,2.76,1675,3,0,0,0
TXN102708,193.75,withdrawal,12,31.52,1.77,191,2,0,0,0
TXN102709,129.65,transfer,13,2.94,1.14,2211,3,0,0,0
TXN102710,159.7,purchase,14,27.03,2.75,3032,3,0,0,0
TXN102711,296.8,transfer,1,352.08,542.06,107,11,1,1,1
TXN102712,199.43,withdrawal,7,1.99,3.95,2090,1,0,0,0
TXN102713,28.72,purchase,7,3.49,1.54,2417,3,0,0,0
TXN102714,69.4,purchase,11,27.88,2.65,3625,1,1,0,0
TXN102715,90.01,online,17,1.24,0.43,1606,2,0,1,0
TXN102716,31.43,purchase,14,2.47,0.73,2190,2,0,0,0
TXN102717,788.59,purchase,22,6.29,236.77,220,11,1,0,1
TXN102718,42.53,purchase,12,1.74,9.57,1847,1,0,0,0
TXN102719,214.98,withdrawal,19,4.95,7.54,875,4,0,0,0
TXN102720,39.18,online,10,0.71,1.44,627,2,0,0,0
TXN102721,44.99,purchase,8,0.1,4.98,2058,2,0,0,0
TXN102722,135.88,purchase,16,2.25,8.82,2161,1,0,0,0
TXN102723,71.08,purchase,16,10.06,3.56,2460,1,0,1,0
TXN102724,46.36,online,12,2.75,0.51,2529,1,0,0,0
TXN102725,70.41,purchase,22,3.25,9.32,1193,1,0,1,0
TXN102726,69.7,purchase,12,1.62,12.51,3137,4,1,0,0
TXN102727,57.63,purchase,10,4.65,7.31,579,1,0,0,0
TXN102728,216.39,online,13,6.99,0.32,903,3,0,0,0
TXN102729,153.94,purchase,14,5.29,0.33,869,1,0,0,0
TXN102730,80.27,withdrawal,21,0.61,1.16,212,3,0,0,0
TXN102731,179.87,online,7,0.48,14.15,1105,3,0,0,0
TXN102732,78.48,purchase,3,14.01,5.03,418,2,0,0,0
TXN102733,14.41,withdrawal,10,0.64,1.03,1937,4,0,1,0
TXN102734,360.01,withdrawal,4,334.15,2.85,132,13,1,1,1
TXN102735,28.1,purchase,14,3.44,1.76,2375,4,0,1,0
TXN102736,40.78,purchase,13,11.47,2.56,1979,3,0,0,0
TXN102737,91.16,purchase,20,13.56,0.49,1358,1,0,0,0
TXN102738,94.33,online,14,0.57,2.16,3120,1,0,0,0
TXN102739,138.97,purchase,16,37.22,24.06,3124,4,0,0,0
TXN102740,553.58,withdrawal,2,299.86,77.37,359,11,0,1,1
TXN102741,89.75,purchase,8,4.67,0.09,2127,0,0,0,0
TXN102742,7.65,transfer,14,0.14,2.92,1376,0,0,0,0
TXN102743,267.19,transfer,5,75.97,3.01,613,1,0,0,0
TXN102744,8.14,refund,16,9.47,0.52,1956,4,0,0,0
TXN102745,145.3,online,10,27.93,2.0,1349,2,0,0,0
TXN102746,95.45,online,16,0.67,2.84,232,2,0,0,0
TXN102747,63.82,purchase,14,4.77,0.4,356,2,0,0,0
TXN102748,185.27,purchase,14,10.1,7.86,2386,1,0,0,0
TXN102749,39.07,withdrawal,9,4.69,3.06,3560,2,0,1,0
TXN102750,46.49,purchase,11,15.82,0.34,1797,1,0,1,0
TXN102751,34.58,purchase,14,13.82,21.17,3079,4,0,0,0
TXN102752,159.3,online,20,6.06,1.74,957,2,0,0,0
TXN102753,170.57,purchase,13,7.73,8.29,3109,1,0,0,0
TXN102754,145.31,purchase,16,4.89,3.98,1941,2,0,0,0
TXN102755,628.99,withdrawal,5,58.22,173.34,94,6,1,1,1
TXN102756,94.7,purchase,17,6.53,3.16,3164,0,0,0,0
TXN102757,46.49,online,12,4.31,4.39,3246,1,0,0,0
TXN102758,210.46,transfer,9,3.71,9.57,1340,3,0,0,0
TXN102759,77.43,transfer,15,5.26,6.09,503,2,0,0,0
TXN102760,137.38,purchase,5,0.62,4.69,2186,1,0,0,0
TXN102761,117.84,transfer,15,21.95,4.18,1346,3,1,0,0
TXN102762,155.76,transfer,12,13.3,4.2,2776,6,0,0,0
TXN102763,105.9,online,9,1.01,8.94,2934,2,1,0,0
TXN102764,38.89,withdrawal,12,18.45,2.76,35,3,0,1,0
TXN102765,185.35,withdrawal,2,879.31,94.48,69,9,1,1,1
TXN102766,150.29,online,16,21.27,1.34,1249,3,0,0,0
TXN102767,13.83,online,16,6.08,0.79,1900,2,0,0,0
TXN102768,114.32,transfer,19,20.94,2.37,1620,1,0,0,0
TXN102769,95.45,purchase,21,4.37,0.86,2633,1,0,1,0
TXN102770,86.82,online,7,3.59,2.33,841,1,0,0,0
TXN102771,55.85,transfer,19,4.37,7.8,461,1,0,0,0
TXN102772,98.13,withdrawal,21,5.11,6.03,1074,0,0,0,0
TXN102773,108.81,withdrawal,6,2.46,1.01,2729,0,0,0,0
TXN102774,46.79,online,12,14.64,1.48,1966,4,0,1,0
TXN102775,10.54,withdrawal,6,2.91,3.94,822,3,0,0,0
TXN102776,112.69,purchase,11,0.55,0.31,3052,3,0,0,0
TXN102777,100.14,transfer,18,3.16,8.2,719,1,0,0,0
TXN102778,95.59,withdrawal,20,3.28,0.38,3036,4,0,0,0
TXN102779,78.43,purchase,9,7.83,2.09,117,3,0,0,0
TXN102780,18.41,purchase,14,31.85,10.38,2900,2,0,1,0
TXN102781,52.35,online,23,15.15,6.26,2731,2,0,0,0
TXN102782,109.94,purchase,9,9.92,1.41,44,4,0,0,0
TXN102783,37.46,withdrawal,17,9.35,6.99,1444,3,1,0,0
TXN102784,72.84,purchase,10,1.98,19.67,2538,2,0,0,0
TXN102785,54.28,purchase,16,7.29,1.28,3595,1,0,0,0
TXN102786,159.59,purchase,5,398.98,121.24,159,13,1,1,1
TXN102787,83.45,online,19,15.22,5.72,862,1,0,0,0
TXN102788,95.23,purchase,0,929.52,502.72,264,10,1,1,1
TXN102789,172.17,transfer,8,11.1,8.5,815,1,0,0,0
TXN102790,96.14,transfer,17,3.59,1.57,942,1,0,1,0
TXN102791,138.28,online,14,3.52,1.61,2410,1,0,0,0
TXN102792,109.12,withdrawal,11,15.33,0.11,1041,2,0,0,0
TXN102793,70.3,purchase,14,23.35,0.98,1189,3,0,0,0
TXN102794,101.33,transfer,17,3.49,7.63,335,1,1,0,0
TXN102795,184.06,purchase,13,0.07,0.7,2279,1,0,0,0
TXN102796,167.26,online,16,9.19,0.81,891,5,0,0,0
TXN102797,67.25,online,16,17.24,0.16,2122,1,0,1,0
TXN102798,114.45,transfer,14,2.39,1.23,2735,2,0,0,0
TXN102799,216.21,purchase,7,1.98,0.08,2419,3,0,0,0
TXN102800,80.06,purchase,12,0.11,0.32,618,1,0,0,0
TXN102801,102.25,purchase,16,0.5,1.13,2120,2,0,0,0
TXN102802,395.52,transfer,23,428.45,114.09,304,11,1,0,1
TXN102803,71.03,online,18,14.4,2.83,2091,2,0,0,0
TXN102804,57.17,transfer,21,36.27,2.63,2850,3,0,0,0
TXN102805,48.69,withdrawal,15,8.26,3.25,3035,1,0,0,0
TXN102806,41.45,purchase,16,2.39,8.8,1072,3,0,0,0
TXN102807,312.62,purchase,5,44.04,94.94,149,9,0,0,1
TXN102808,51.03,refund,13,29.01,8.51,1434,3,0,0,0
TXN102809,76.99,purchase,14,12.8,5.25,686,0,0,0,0
TXN102810,14.27,purchase,17,7.18,13.86,1541,1,0,1,0
TXN102811,41.16,online,13,0.7,0.66,2340,1,0,0,0
TXN102812,139.22,withdrawal,5,2.89,6.49,1121,6,0,0,0
TXN102813,63.81,online,22,0.83,5.16,1341,1,0,0,0
TXN102814,167.5,transfer,14,9.97,1.08,3241,2,0,0,0
TXN102815,230.58,purchase,13,17.89,8.9,2459,1,0,0,0
TXN102816,115.32,purchase,17,17.44,5.54,1382,4,0,0,0
TXN102817,220.17,withdrawal,23,4.08,1.13,670,2,0,0,0
TXN102818,119.49,purchase,14,8.56,0.41,2304,6,0,1,0
TXN102819,124.49,transfer,14,6.14,0.43,3321,2,0,0,0
TXN102820,58.73,purchase,11,8.46,2.14,2818,1,0,0,0
TXN102821,79.48,withdrawal,10,36.62,3.16,701,3,1,0,0
TXN102822,46.87,withdrawal,17,12.78,6.95,2222,1,0,0,0
TXN102823,6.57,purchase,19,4.21,5.97,3529,0,0,0,0
TXN102824,62.43,online,12,0.33,3.95,2595,3,0,1,0
TXN102825,53.27,transfer,19,13.59,4.22,2380,3,0,0,0
TXN102826,100.25,withdrawal,16,1.02,0.11,1895,5,0,1,0
TXN102827,61.7,purchase,9,1.24,4.45,2798,3,0,0,0
TXN102828,331.83,online,17,4.36,2.7,895,2,0,0,0
TXN102829,208.52,purchase,6,13.95,2.6,3454,3,0,0,0
TXN102830,9.8,purchase,6,7.97,1.57,3079,0,0,0,0
TXN102831,73.64,withdrawal,17,5.05,1.68,550,2,0,0,0
TXN102832,263.14,online,5,26.76,6.1,136,7,1,1,1
TXN102833,339.58,transfer,0,1.14,41.86,15,10,0,0,1
TXN102834,48.28,transfer,19,3.18,1.66,1395,1,0,0,0
TXN102835,13.55,withdrawal,15,1.05,1.32,2703,1,0,0,0
TXN102836,57.77,purchase,17,5.16,9.1,1849,4,0,0,0
TXN102837,44.93,purchase,14,7.26,0.69,3424,3,0,0,0
TXN102838,5.64,purchase,12,14.23,2.45,2724,1,0,0,0
TXN102839,316.91,purchase,14,6.68,0.84,3639,1,0,0,0
TXN102840,75.18,transfer,8,6.86,4.62,3376,3,0,1,0
TXN102841,53.76,online,16,11.97,3.0,3406,2,0,0,0
TXN102842,200.63,withdrawal,15,6.19,1.79,1656,3,0,0,0
TXN102843,25.73,purchase,13,11.8,7.56,2327,0,0,0,0
TXN102844,124.94,online,15,0.84,2.36,2364,3,0,0,0
TXN102845,37.38,refund,9,5.27,0.8,1728,2,0,0,0
TXN102846,55.49,purchase,8,3.79,8.42,1870,2,0,0,0
TXN102847,41.56,purchase,20,7.48,13.78,3503,3,0,0,0
TXN102848,86.62,purchase,15,5.48,2.94,2646,1,0,0,0
TXN102849,52.97,purchase,15,18.21,4.8,531,1,0,1,0
TXN102850,727.71,transfer,22,146.15,71.69,33,7,0,0,1
TXN102851,87.84,online,16,14.17,5.55,1505,3,0,0,0
TXN102852,39.23,purchase,21,2.54,18.6,1489,3,0,0,0
TXN102853,187.81,online,8,0.54,5.13,824,3,0,1,0
TXN102854,40.68,purchase,16,8.95,1.73,1417,3,0,0,0
TXN102855,40.5,purchase,7,12.83,1.76,2881,4,0,0,0
TXN102856,74.79,transfer,9,14.68,8.65,1559,1,0,0,0
TXN102857,73.73,withdrawal,23,6.67,1.28,1320,4,0,0,0
TXN102858,51.05,withdrawal,14,12.74,16.26,1961,3,0,0,0
TXN102859,114.15,online,15,1.19,3.52,229,2,0,0,0
TXN102860,299.48,purchase,10,5.88,3.41,2650,0,0,0,0
TXN102861,142.07,transfer,20,2.34,6.72,1611,1,0,0,0
TXN102862,136.67,transfer,12,54.11,5.27,1902,2,1,0,0
TXN102863,48.47,refund,14,29.54,2.85,642,4,0,0,0
TXN102864,729.46,withdrawal,2,240.37,454.7,3,11,1,1,1
TXN102865,105.66,online,0,6.51,5.02,3361,2,0,1,0
TXN102866,164.52,purchase,7,9.69,1.65,722,2,0,1,0
TXN102867,19.72,online,14,2.87,2.53,3218,3,0,0,0
TXN102868,420.7,online,3,497.8,6.52,285,10,0,0,1
TXN102869,92.95,purchase,11,4.12,7.63,376,4,0,0,0
TXN102870,48.57,online,20,2.68,0.78,304,0,0,1,0
TXN102871,30.34,withdrawal,14,1.14,3.04,3302,1,0,0,0
TXN102872,117.69,purchase,19,11.61,4.56,3006,0,0,0,0
TXN102873,68.22,purchase,13,4.03,3.38,2501,2,0,0,0
TXN102874,223.95,refund,13,10.6,1.22,2834,1,0,1,0
TXN102875,71.69,online,11,4.57,7.53,540,1,1,0,0
TXN102876,90.65,online,14,7.2,4.8,2751,3,0,0,0
TXN102877,147.8,withdrawal,14,8.63,2.18,927,2,0,0,0
TXN102878,16.55,refund,15,2.17,0.33,1336,3,1,0,0
TXN102879,29.2,withdrawal,7,4.78,2.1,1191,2,0,0,0
TXN102880,12.32,purchase,20,36.23,2.53,1495,3,0,0,0
TXN102881,93.58,purchase,7,36.49,10.28,3373,2,0,0,0
TXN102882,88.77,purchase,16,4.51,2.9,1592,4,0,0,0
TXN102883,283.1,online,15,4.19,13.89,2532,1,0,0,0
TXN102884,48.41,withdrawal,15,0.46,3.55,347,2,0,0,0
TXN102885,50.83,purchase,19,1.56,8.04,2997,2,0,0,0
TXN102886,109.1,purchase,17,5.35,2.2,3092,1,0,0,0
TXN102887,11.99,online,14,0.59,0.63,2341,3,0,0,0
TXN102888,67.3,purchase,8,1.7,2.51,2244,4,0,0,0
TXN102889,103.67,transfer,16,11.35,4.81,2142,1,0,0,0
TXN102890,87.11,transfer,11,4.62,2.23,1340,2,0,0,0
TXN102891,244.38,withdrawal,13,11.92,3.19,3161,5,0,0,0
TXN102892,86.96,purchase,16,6.96,7.07,534,1,0,0,0
TXN102893,16.94,withdrawal,15,4.31,7.92,1228,1,0,0,0
TXN102894,26.67,online,19,9.46,28.61,1177,1,0,0,0
TXN102895,92.41,online,10,15.37,3.51,2940,0,0,0,0
TXN102896,206.37,purchase,7,26.18,0.0,2074,1,1,1,0
TXN102897,51.63,purchase,13,5.56,0.56,466,2,0,0,0
TXN102898,30.08,purchase,8,1.62,5.03,1954,2,0,0,0
TXN102899,41.97,online,19,2.85,4.97,469,2,0,1,0
TXN102900,23.09,transfer,16,10.73,2.23,836,4,0,0,0
TXN102901,146.23,purchase,21,4.07,3.69,441,3,0,0,0
TXN102902,89.79,transfer,8,16.53,9.42,612,1,1,0,0
TXN102903,117.61,online,20,9.42,0.55,3471,6,0,0,0
TXN102904,90.98,purchase,14,6.44,7.12,520,0,0,0,0
TXN102905,131.16,transfer,13,0.27,3.9,2573,0,0,0,0
TXN102906,76.31,purchase,14,8.57,8.21,1802,4,0,0,0
TXN102907,235.19,refund,12,3.99,1.46,3155,2,0,0,0
TXN102908,66.92,purchase,10,2.13,5.1,211,1,0,1,0
TXN102909,53.38,withdrawal,14,5.08,2.4,2175,3,0,0,0
TXN102910,46.25,withdrawal,12,4.4,4.54,2984,2,0,0,0
TXN102911,45.68,purchase,14,11.6,7.03,50,1,0,0,0
TXN102912,167.12,purchase,9,4.78,7.0,2387,7,0,0,0
TXN102913,158.86,online,22,2.26,7.8,809,1,0,0,0
TXN102914,60.33,online,9,23.53,5.27,3364,4,0,0,0
TXN102915,299.37,withdrawal,12,1.66,0.15,3386,4,0,0,0
TXN102916,67.07,purchase,15,3.48,7.25,2487,1,0,0,0
TXN102917,70.55,purchase,7,6.42,0.99,1172,2,0,0,0
TXN102918,83.86,withdrawal,12,2.92,0.44,1057,1,0,0,0
TXN102919,105.17,transfer,18,3.71,0.18,1027,4,0,0,0
TXN102920,121.97,purchase,14,1.92,5.69,158,1,0,0,0
TXN102921,22.07,withdrawal,13,2.3,7.8,3492,2,0,0,0
TXN102922,113.32,online,13,5.44,1.03,2720,1,0,0,0
TXN102923,222.86,purchase,20,5.74,0.79,1547,2,0,0,0
TXN102924,24.03,purchase,10,9.43,6.36,168,4,0,1,0
TXN102925,89.3,online,16,6.58,12.97,2638,1,0,0,0
TXN102926,18.69,purchase,10,26.96,4.11,494,3,0,0,0
TXN102927,88.31,purchase,16,11.74,4.66,907,3,0,0,0
TXN102928,177.48,withdrawal,13,10.51,1.39,3629,5,0,0,0
TXN102929,9.37,transfer,15,12.32,0.5,2445,2,0,0,0
TXN102930,30.14,purchase,19,15.69,2.83,1655,3,0,0,0
TXN102931,181.72,refund,12,1.3,5.5,3566,3,0,0,0
TXN102932,86.2,purchase,20,1.74,0.8,3488,3,0,0,0
TXN102933,72.14,online,21,6.35,6.36,2615,0,0,0,0
TXN102934,67.63,purchase,11,2.38,4.3,1408,0,0,1,0
TXN102935,40.55,purchase,15,18.21,4.51,2963,3,0,0,0
TXN102936,37.01,purchase,3,13.26,4.68,3595,3,0,0,0
TXN102937,220.9,purchase,15,0.22,10.69,3467,3,0,0,0
TXN102938,152.25,purchase,18,11.26,1.77,1658,1,0,0,0
TXN102939,42.46,purchase,6,2.83,1.47,1353,1,0,0,0
TXN102940,129.37,transfer,13,14.9,8.91,1519,0,0,0,0
TXN102941,111.95,online,15,34.68,9.46,1468,3,0,1,0
TXN102942,130.92,purchase,12,22.39,3.17,3074,1,0,0,0
TXN102943,217.92,online,13,4.82,3.07,310,1,0,0,0
TXN102944,41.61,online,13,0.19,1.96,2230,1,0,0,0
TXN102945,24.96,purchase,22,9.1,0.22,448,3,0,0,0
TXN102946,342.3,transfer,22,437.45,800.77,198,10,1,0,1
TXN102947,135.1,transfer,13,0.63,0.08,725,1,0,1,0
TXN102948,16.52,purchase,14,27.75,0.78,103,1,0,0,0
TXN102949,36.44,purchase,20,5.65,0.78,2667,2,0,0,0
TXN102950,164.53,withdrawal,13,0.74,6.2,2617,3,0,0,0
TXN102951,15.64,purchase,16,3.92,15.6,762,2,0,0,0
TXN102952,56.41,transfer,12,15.07,4.34,2640,0,1,0,0
TXN102953,120.94,purchase,17,5.07,5.42,2541,1,0,0,0
TXN102954,50.06,purchase,19,0.14,1.72,1802,6,0,0,0
TXN102955,322.03,online,0,129.26,199.2,208,19,1,0,1
TXN102956,95.28,withdrawal,11,3.98,5.37,2387,0,0,0,0
TXN102957,213.23,online,10,2.47,0.18,3338,1,0,0,0
TXN102958,230.19,online,7,20.64,0.8,3380,2,0,0,0
TXN102959,322.27,online,22,423.75,59.07,272,7,0,1,1
TXN102960,77.0,purchase,18,6.25,0.2,1634,2,0,0,0
TXN102961,299.63,purchase,14,4.55,4.61,2018,5,0,0,0
TXN102962,72.26,transfer,9,1.63,0.44,962,3,0,0,0
TXN102963,40.15,online,8,22.81,8.0,3568,2,0,0,0
TXN102964,274.05,purchase,16,8.97,1.72,3561,4,0,0,0
TXN102965,120.68,withdrawal,13,3.71,3.22,723,2,0,0,0
TXN102966,144.86,online,17,2.27,1.71,2493,1,0,0,0
TXN102967,59.16,online,9,8.64,20.63,3101,5,0,0,0
TXN102968,195.0,online,18,12.51,3.84,2111,4,0,0,0
TXN102969,39.97,refund,15,21.54,0.94,547,0,0,0,0
TXN102970,94.36,transfer,9,14.25,7.92,2065,4,0,0,0
TXN102971,30.48,transfer,13,9.15,3.01,2893,1,0,0,0
TXN102972,378.99,withdrawal,22,124.75,62.54,373,10,1,0,1
TXN102973,8.82,online,18,16.91,7.54,1744,2,0,0,0
TXN102974,148.14,purchase,22,9.91,9.24,1809,1,1,0,0
TXN102975,24.08,purchase,14,1.57,0.63,864,2,0,0,0
TXN102976,58.43,transfer,18,8.04,3.76,1745,2,0,0,0
TXN102977,121.27,online,12,4.34,11.37,2150,4,0,0,0
TXN102978,61.07,withdrawal,15,1.48,1.76,2059,0,0,0,0
TXN102979,118.25,purchase,17,0.09,8.43,2157,3,0,0,0
TXN102980,18.96,online,21,27.04,8.37,283,1,0,0,0
TXN102981,28.78,online,15,26.54,0.08,3042,2,0,0,0
TXN102982,606.08,online,3,4.84,40.39,44,9,1,1,1
TXN102983,75.21,online,11,12.49,5.14,3545,1,0,0,0
TXN102984,105.97,online,14,6.9,2.77,3540,6,0,0,0
TXN102985,168.2,withdrawal,14,10.99,5.41,706,1,0,0,0
TXN102986,63.63,purchase,10,32.34,6.38,794,1,0,0,0
TXN102987,119.56,withdrawal,11,0.52,2.28,1777,5,0,0,0
TXN102988,1360.31,withdrawal,23,930.65,151.85,319,10,1,1,1
TXN102989,64.21,withdrawal,9,3.37,14.36,2836,2,0,0,0
TXN102990,23.77,transfer,14,2.82,2.32,2410,0,0,0,0
TXN102991,76.08,purchase,19,11.33,4.25,3314,3,0,0,0
TXN102992,64.96,withdrawal,15,1.66,5.73,2850,2,0,0,0
TXN102993,79.88,purchase,8,1.65,11.91,2036,5,0,0,0
TXN102994,57.11,transfer,20,15.11,1.33,1250,3,1,1,0
TXN102995,129.84,online,16,0.61,8.84,3034,2,0,0,0
TXN102996,119.07,online,13,2.62,12.76,3528,2,0,0,0
TXN102997,87.85,transfer,10,7.32,0.77,157,1,0,0,0
TXN102998,103.54,transfer,18,3.44,4.68,186,2,0,0,0
TXN102999,246.4,purchase,16,6.56,2.89,633,3,1,0,0
